[
  {
    "id": "entry_99",
    "matchedName": "SALIM AHMAD FUAD",
    "score": 1
  },
  {
    "id": "entry_149",
    "matchedName": "JIBRIL AHMAD",
    "score": 1
  },
  {
    "id": "entry_1214",
    "matchedName": "ABDALWAHAB ABDALHAI AHMAD",
    "score": 1
  },
  {
    "id": "entry_1229",
    "matchedName": "TAHA MUSA RIFAI AHMAD",
    "score": 1
  },
  {
    "id": "entry_2129",
    "matchedName": "FARAG HAMDI AHMAD",
    "score": 1
  },
  {
    "id": "entry_2249",
    "matchedName": "ALMASRI AHMAD",
    "score": 1
  },
  {
    "id": "entry_2339",
    "matchedName": "GHILANI AHMAD KHALAFAN",
    "score": 1
  },
  {
    "id": "entry_2364",
    "matchedName": "AHMAD ABU BAKR",
    "score": 1
  },
  {
    "id": "entry_2389",
    "matchedName": "AL TANZANI AHMAD",
    "score": 1
  },
  {
    "id": "entry_7234",
    "matchedName": "BARAKAT ASSAAD AHMAD",
    "score": 1
  },
  {
    "id": "entry_7254",
    "matchedName": "BARAKAT JACH ASSAD AHMAD",
    "score": 1
  },
  {
    "id": "entry_7299",
    "matchedName": "SAMARRAI AHMAD HUSAYN KHUDAYIR",
    "score": 1
  },
  {
    "id": "entry_7359",
    "matchedName": "KHALIL AHMAD MURTADHA AHMAD",
    "score": 1
  },
  {
    "id": "entry_7394",
    "matchedName": "SALEH ABDEL MONEIM AHMAD",
    "score": 1
  },
  {
    "id": "entry_7944",
    "matchedName": "ALBADRANI MUHAMMAD YUNIS AHMAD",
    "score": 1
  },
  {
    "id": "entry_8009",
    "matchedName": "ALALUSI UMAR AHMAD ALI",
    "score": 1
  },
  {
    "id": "entry_8509",
    "matchedName": "ABU ALKHAYR AHMAD HASAN",
    "score": 1
  },
  {
    "id": "entry_9224",
    "matchedName": "HAMMAD FATHI AHMAD",
    "score": 1
  },
  {
    "id": "entry_10174",
    "matchedName": "NAJMUDDIN FARAJ AHMAD",
    "score": 1
  },
  {
    "id": "entry_10189",
    "matchedName": "ALALI HAMID ABDALLAH AHMAD",
    "score": 1
  },
  {
    "id": "entry_10209",
    "matchedName": "ALJALAHMAH JABIR ABDALLAH JABIR AHMAD",
    "score": 1
  },
  {
    "id": "entry_10214",
    "matchedName": "ALJALAMAH JABIR ABDALLAH JABIR AHMAD",
    "score": 1
  },
  {
    "id": "entry_10329",
    "matchedName": "BARAKAT HATAM AHMAD",
    "score": 1
  },
  {
    "id": "entry_10334",
    "matchedName": "BARAKAT HATEM AHMAD",
    "score": 1
  },
  {
    "id": "entry_10339",
    "matchedName": "BARAKAT HATTEM AHMAD",
    "score": 1
  },
  {
    "id": "entry_10344",
    "matchedName": "BARAKAT HOTEM AHMAD",
    "score": 1
  },
  {
    "id": "entry_10349",
    "matchedName": "BARAKAT HAMZA AHMAD",
    "score": 1
  },
  {
    "id": "entry_10354",
    "matchedName": "BARAKAT HAMZE AHMAD",
    "score": 1
  },
  {
    "id": "entry_10554",
    "matchedName": "DOCKRAT FARHAD AHMAD",
    "score": 1
  },
  {
    "id": "entry_10669",
    "matchedName": "HARUN AHMAD",
    "score": 1
  },
  {
    "id": "entry_10679",
    "matchedName": "HARUN MAWLANA AHMAD MUHAMMAD",
    "score": 1
  },
  {
    "id": "entry_10689",
    "matchedName": "HARUN AHMAD MUHAMMAD",
    "score": 1
  },
  {
    "id": "entry_10714",
    "matchedName": "AWF AWAD AHMAD IBN",
    "score": 1
  },
  {
    "id": "entry_10874",
    "matchedName": "ALTIKRITI AHMAD WATBAN IBRAHIM HASAN",
    "score": 1
  },
  {
    "id": "entry_10884",
    "matchedName": "ALBADANI AHMAD MUHAMMAD MAHMUD ABDALLAH",
    "score": 1
  },
  {
    "id": "entry_10889",
    "matchedName": "ALBARRANI AHMAD MUHAMMAD ALABDULLAH",
    "score": 1
  },
  {
    "id": "entry_11304",
    "matchedName": "ALKIRD AHMAD",
    "score": 1
  },
  {
    "id": "entry_11309",
    "matchedName": "ALKARD AHMAD",
    "score": 1
  },
  {
    "id": "entry_11314",
    "matchedName": "ALKURD AHMAD",
    "score": 1
  },
  {
    "id": "entry_11694",
    "matchedName": "ALTALHI ABDUL RAHIM HAMMAD AHMAD",
    "score": 1
  },
  {
    "id": "entry_11704",
    "matchedName": "AHMADIYAN ALI AKBAR",
    "score": 1
  },
  {
    "id": "entry_12034",
    "matchedName": "BEHZAD BSTAKI AHMAD ABDULLAH MOHAMMED ABDULLAH",
    "score": 1
  },
  {
    "id": "entry_12039",
    "matchedName": "BAHZAD AHMAD ABDULLAH MOHAMED ABDULLAH",
    "score": 1
  },
  {
    "id": "entry_12044",
    "matchedName": "BEHZAD AHMAD ABDULLA MOHD ABDULLA",
    "score": 1
  },
  {
    "id": "entry_12054",
    "matchedName": "BEHZAD AHMAD ABDULLA MOHAMMAD A",
    "score": 1
  },
  {
    "id": "entry_12629",
    "matchedName": "FORUZANDEH AHMAD",
    "score": 1
  },
  {
    "id": "entry_12634",
    "matchedName": "FRUZANDAH AHMAD",
    "score": 1
  },
  {
    "id": "entry_12639",
    "matchedName": "FAYRUZI AHMAD",
    "score": 1
  },
  {
    "id": "entry_12644",
    "matchedName": "FOROOZANDEH AHMAD",
    "score": 1
  },
  {
    "id": "entry_12719",
    "matchedName": "ARSHAD ABU WAHEED IRSHAD AHMAD",
    "score": 1
  },
  {
    "id": "entry_12754",
    "matchedName": "BAHADHIQ MAHMUD MUHAMMAD AHMAD",
    "score": 1
  },
  {
    "id": "entry_13154",
    "matchedName": "DELLOSA HABIL AHMAD",
    "score": 1
  },
  {
    "id": "entry_13164",
    "matchedName": "DELLOSA AHMAD",
    "score": 1
  },
  {
    "id": "entry_13289",
    "matchedName": "SHARIEF AHMAD OMAR",
    "score": 1
  },
  {
    "id": "entry_14229",
    "matchedName": "DEL ROSARIO SANTOS AHMAD ISLAM",
    "score": 1
  },
  {
    "id": "entry_17034",
    "matchedName": "ALDULAYMI AHMAD KHALAF SHABIB ALISSAWI",
    "score": 1
  },
  {
    "id": "entry_17039",
    "matchedName": "ALDOLEMY AHMAD KHALAF SHEBAB",
    "score": 1
  },
  {
    "id": "entry_17044",
    "matchedName": "SHABIB AHMAD KHALAF",
    "score": 1
  },
  {
    "id": "entry_17049",
    "matchedName": "ALDULAYMI AHMAD SHABIB",
    "score": 1
  },
  {
    "id": "entry_17054",
    "matchedName": "ALISAWI AHMAD KHALAF ABD SHABIB",
    "score": 1
  },
  {
    "id": "entry_17059",
    "matchedName": "ALISSAWI AHMAD KHALAF SHABIB",
    "score": 1
  },
  {
    "id": "entry_17069",
    "matchedName": "SHABIB AHMAD KHALAF ABD",
    "score": 1
  },
  {
    "id": "entry_17074",
    "matchedName": "ALDULAYMI AHMAD KHALAF SHABIB ALASAFI",
    "score": 1
  },
  {
    "id": "entry_17799",
    "matchedName": "CHERAGHI AHMAD SHAH",
    "score": 1
  },
  {
    "id": "entry_19349",
    "matchedName": "HAQQANI KHALIL AHMAD",
    "score": 1
  },
  {
    "id": "entry_20584",
    "matchedName": "MOGHADDAM ISMAIL AHMADI",
    "score": 1
  },
  {
    "id": "entry_20589",
    "matchedName": "MOGHADDAM ESAMEEL AHMADI",
    "score": 1
  },
  {
    "id": "entry_20594",
    "matchedName": "AHMADIMOGHADDAM ESMAIL",
    "score": 1
  },
  {
    "id": "entry_20599",
    "matchedName": "AHMADIMOQADDAM ESMAIL",
    "score": 1
  },
  {
    "id": "entry_20604",
    "matchedName": "AHMADI MOGHADDAM ESMAIL",
    "score": 1
  },
  {
    "id": "entry_20609",
    "matchedName": "AHMADI MOGHADAM ISMAIL",
    "score": 1
  },
  {
    "id": "entry_20614",
    "matchedName": "AHMADIMOGHADDAM ESMAIL",
    "score": 1
  },
  {
    "id": "entry_20679",
    "matchedName": "ALGHAMDI UTHMAN AHMAD UTHMAN",
    "score": 1
  },
  {
    "id": "entry_20744",
    "matchedName": "AHMAD NOOR",
    "score": 1
  },
  {
    "id": "entry_21384",
    "matchedName": "SHAHJI AHMAD",
    "score": 1
  },
  {
    "id": "entry_22434",
    "matchedName": "NEW AHMADI COMPANY LTD",
    "score": 1
  },
  {
    "id": "entry_22439",
    "matchedName": "NEW AHMADY LTD",
    "score": 1
  },
  {
    "id": "entry_22444",
    "matchedName": "NEW AHMADY LTD KANDAHAR",
    "score": 1
  },
  {
    "id": "entry_23154",
    "matchedName": "HAJI AHMAD SHAH HAWALA",
    "score": 1
  },
  {
    "id": "entry_23159",
    "matchedName": "AHMAD SHAH HAWALA",
    "score": 1
  },
  {
    "id": "entry_24169",
    "matchedName": "AHMAD SAYYID",
    "score": 1
  },
  {
    "id": "entry_25174",
    "matchedName": "ALZAHRANI AHMAD ABDULLAH SALIH",
    "score": 1
  },
  {
    "id": "entry_25324",
    "matchedName": "SHAH HAJI AHMAD",
    "score": 1
  },
  {
    "id": "entry_25329",
    "matchedName": "SHAH HAJI MULLAH AHMAD",
    "score": 1
  },
  {
    "id": "entry_25734",
    "matchedName": "VAZIRI AHMAD",
    "score": 1
  },
  {
    "id": "entry_26259",
    "matchedName": "MANSUR MOHAMMAD YUSUF AHMAD",
    "score": 1
  },
  {
    "id": "entry_26264",
    "matchedName": "MANSUR MUHAMMAD YUSIF AHMAD",
    "score": 1
  },
  {
    "id": "entry_26464",
    "matchedName": "SUNGKAR SAHID AHMAD",
    "score": 1
  },
  {
    "id": "entry_26549",
    "matchedName": "AHMAD MUHAMMAD JAMAL ABU",
    "score": 1
  },
  {
    "id": "entry_26554",
    "matchedName": "AHMAD MUHAMMAD GAMAL ABU",
    "score": 1
  },
  {
    "id": "entry_26569",
    "matchedName": "ALMASRI ABU AHMAD",
    "score": 1
  },
  {
    "id": "entry_26584",
    "matchedName": "ABDU MUHAMMAD JAMAL AHMAD",
    "score": 1
  },
  {
    "id": "entry_27229",
    "matchedName": "BUKHATTALAH AHMAD",
    "score": 1
  },
  {
    "id": "entry_27269",
    "matchedName": "AHMAD ALIAZRA RAAD",
    "score": 1
  },
  {
    "id": "entry_28939",
    "matchedName": "ALBADANI SHAWQI ALI AHMAD",
    "score": 1
  },
  {
    "id": "entry_28944",
    "matchedName": "ALBAADANI SHAWQI ALI AHMAD",
    "score": 1
  },
  {
    "id": "entry_28949",
    "matchedName": "AL BADANI SHAWQI ALI AHMAD MUHAMMAD",
    "score": 1
  },
  {
    "id": "entry_28979",
    "matchedName": "AHMAD NAZIR",
    "score": 1
  },
  {
    "id": "entry_29339",
    "matchedName": "IBRAHIM AYMAN AHMAD",
    "score": 1
  },
  {
    "id": "entry_31309",
    "matchedName": "SALEH AHMAD ALI ABDULLAH",
    "score": 1
  },
  {
    "id": "entry_31319",
    "matchedName": "SALIH ALAHMAR AHMAD ALI ABDALLAH",
    "score": 1
  },
  {
    "id": "entry_31349",
    "matchedName": "ABU UBAIDAH AHMAD UMAR",
    "score": 1
  },
  {
    "id": "entry_31364",
    "matchedName": "ABU UBAIDAH SHEIKH AHMAD UMAR",
    "score": 1
  },
  {
    "id": "entry_32909",
    "matchedName": "AHMAD SAYED",
    "score": 1
  },
  {
    "id": "entry_34744",
    "matchedName": "NUSHIN SAYYED MIR AHMAD",
    "score": 1
  },
  {
    "id": "entry_34749",
    "matchedName": "NOOSHIN SEID MIR AHMAD",
    "score": 1
  },
  {
    "id": "entry_34964",
    "matchedName": "AL ZAHRANI FAYSAL AHMAD BIN ALI",
    "score": 1
  },
  {
    "id": "entry_37444",
    "matchedName": "ALALLAL ASHRAF AHMAD FARI",
    "score": 1
  },
  {
    "id": "entry_37449",
    "matchedName": "FARI ASHRAF AHMAD",
    "score": 1
  },
  {
    "id": "entry_37634",
    "matchedName": "BALLUL AHMAD MUHAMMAD",
    "score": 1
  },
  {
    "id": "entry_37814",
    "matchedName": "ALMASHHADANI ABDULLAH AHMAD",
    "score": 1
  },
  {
    "id": "entry_38339",
    "matchedName": "ALLUSH AZIZ AHMAD",
    "score": 1
  },
  {
    "id": "entry_38374",
    "matchedName": "HUSARI BASSAM AHMAD",
    "score": 1
  },
  {
    "id": "entry_39354",
    "matchedName": "GHANDOUR AHMAD",
    "score": 1
  },
  {
    "id": "entry_39359",
    "matchedName": "ALGHANDUR AHMAD NAJI",
    "score": 1
  },
  {
    "id": "entry_40844",
    "matchedName": "ALNAQAZ BASIL MUHSIN AHMAD",
    "score": 1
  },
  {
    "id": "entry_40854",
    "matchedName": "ALYAFII KHALID ABDALLAH SALAH AHMAD HUSSAYN ALUMARI ALMARFADI",
    "score": 1
  },
  {
    "id": "entry_40919",
    "matchedName": "MUTHANNA MUHSIN AHMAD SALAH",
    "score": 1
  },
  {
    "id": "entry_43274",
    "matchedName": "SAD ISAM AHMAD",
    "score": 1
  },
  {
    "id": "entry_43279",
    "matchedName": "SAAD ISAM AHMAD",
    "score": 1
  },
  {
    "id": "entry_43679",
    "matchedName": "ALI SHAYKH AHMAD IMAN",
    "score": 1
  },
  {
    "id": "entry_44124",
    "matchedName": "AL DABBASHI AHMAD MOHAMMED OMAR AL FITURI",
    "score": 1
  },
  {
    "id": "entry_44129",
    "matchedName": "ALFITOURI AHMAD OUMAR IMHAMAD",
    "score": 1
  },
  {
    "id": "entry_45209",
    "matchedName": "AHMAD DILSHAD",
    "score": 1
  },
  {
    "id": "entry_49414",
    "matchedName": "SAFA WAFIQ AHMAD",
    "score": 1
  },
  {
    "id": "entry_49924",
    "matchedName": "CHENARI HAMED AHMAD ALI DEHGHAN",
    "score": 1
  },
  {
    "id": "entry_50944",
    "matchedName": "KHAN SYED HABIB AHMAD",
    "score": 1
  },
  {
    "id": "entry_51409",
    "matchedName": "AHMAD NAZIM SAID",
    "score": 1
  },
  {
    "id": "entry_51414",
    "matchedName": "AHMAD NAZIM",
    "score": 1
  },
  {
    "id": "entry_51419",
    "matchedName": "AHMAD NIZAM SAED",
    "score": 1
  },
  {
    "id": "entry_51424",
    "matchedName": "AHMAD NAZEM ALI",
    "score": 1
  },
  {
    "id": "entry_51429",
    "matchedName": "AHMAD NAZEM SAEED",
    "score": 1
  },
  {
    "id": "entry_52094",
    "matchedName": "ALHAMIDAWI AHMAD MUHSIN FARAJ",
    "score": 1
  },
  {
    "id": "entry_52104",
    "matchedName": "ALSAIDI AHMAD KAZIM RAHIM",
    "score": 1
  },
  {
    "id": "entry_52369",
    "matchedName": "MOUSAVI SEYED AHMAD SHID",
    "score": 1
  },
  {
    "id": "entry_52719",
    "matchedName": "HAMCHO AHMAD SABER MOHAMAD",
    "score": 1
  },
  {
    "id": "entry_52724",
    "matchedName": "HAMCHO AHMAD SABER",
    "score": 1
  },
  {
    "id": "entry_54219",
    "matchedName": "TALEB ADAM AHMAD",
    "score": 1
  },
  {
    "id": "entry_56104",
    "matchedName": "KAZAI AHMAD",
    "score": 1
  },
  {
    "id": "entry_56824",
    "matchedName": "ALGHAMARI MUHAMMAD ABDALKARIM AHMAD HUSAYN",
    "score": 1
  },
  {
    "id": "entry_56839",
    "matchedName": "ALSAADI MANSUR AHMAD",
    "score": 1
  },
  {
    "id": "entry_56849",
    "matchedName": "ALHAMZI AHMAD ALI AHSAN",
    "score": 1
  },
  {
    "id": "entry_56854",
    "matchedName": "ALHAMZI AHMAD ALI",
    "score": 1
  },
  {
    "id": "entry_58094",
    "matchedName": "SAIDI AHMAD",
    "score": 1
  },
  {
    "id": "entry_58099",
    "matchedName": "SAEIDI AHMAD",
    "score": 1
  },
  {
    "id": "entry_58294",
    "matchedName": "DEEB AHMAD",
    "score": 1
  },
  {
    "id": "entry_58299",
    "matchedName": "DIB AHMAD",
    "score": 1
  },
  {
    "id": "entry_58304",
    "matchedName": "DIBE AHMAD",
    "score": 1
  },
  {
    "id": "entry_60369",
    "matchedName": "EL ARAB JIHAD AHMAD",
    "score": 1
  },
  {
    "id": "entry_61019",
    "matchedName": "KHADUR TAWFIQ AHMAD",
    "score": 1
  },
  {
    "id": "entry_61119",
    "matchedName": "ELMAGHRABY HAYTHAM AHMED SHUKRI AHMAD",
    "score": 1
  },
  {
    "id": "entry_61144",
    "matchedName": "EL KHATIB AHMAD",
    "score": 1
  },
  {
    "id": "entry_61149",
    "matchedName": "AL KHATIB AHMAD",
    "score": 1
  },
  {
    "id": "entry_61154",
    "matchedName": "HISHMAH AHMAD",
    "score": 1
  },
  {
    "id": "entry_67449",
    "matchedName": "ABDALLAH HUSSEIN AHMAD",
    "score": 1
  },
  {
    "id": "entry_67524",
    "matchedName": "UDIH AHMAD",
    "score": 1
  },
  {
    "id": "entry_67529",
    "matchedName": "ODEH AHMAD",
    "score": 1
  },
  {
    "id": "entry_69569",
    "matchedName": "AHMADI MANSUR",
    "score": 1
  },
  {
    "id": "entry_69584",
    "matchedName": "AGHA AHMADI ALI",
    "score": 1
  },
  {
    "id": "entry_70154",
    "matchedName": "KHATIBI AHMAD",
    "score": 1
  },
  {
    "id": "entry_71199",
    "matchedName": "MIRZAYI HAJJ AHMAD",
    "score": 1
  },
  {
    "id": "entry_71379",
    "matchedName": "SULAIMAN AHMAD MATAN HASSAN ALI",
    "score": 1
  },
  {
    "id": "entry_71669",
    "matchedName": "SHAFAI AHMAD",
    "score": 1
  },
  {
    "id": "entry_71974",
    "matchedName": "NOROUZI AHMAD",
    "score": 1
  },
  {
    "id": "entry_72004",
    "matchedName": "ZABIHPOUR AHMADI AMENEH SADAT",
    "score": 1
  },
  {
    "id": "entry_73314",
    "matchedName": "KARIMI AHMAD HASAN",
    "score": 1
  },
  {
    "id": "entry_76064",
    "matchedName": "AHMAD FIRAS",
    "score": 1
  },
  {
    "id": "entry_76069",
    "matchedName": "AHMAD FIRAS MICHAEL",
    "score": 1
  },
  {
    "id": "entry_76079",
    "matchedName": "AHMAD DIDA",
    "score": 1
  },
  {
    "id": "entry_76084",
    "matchedName": "AHMAD HIND",
    "score": 1
  },
  {
    "id": "entry_76124",
    "matchedName": "AHMAD RIMA KAMEL NAZEM",
    "score": 1
  },
  {
    "id": "entry_76524",
    "matchedName": "SAYYEDOSHOHADA AHMAD KHADEM",
    "score": 1
  },
  {
    "id": "entry_76529",
    "matchedName": "SEYED ALSHOHADA AHMAD KHADEM",
    "score": 1
  },
  {
    "id": "entry_76534",
    "matchedName": "KHADEM AHMAD",
    "score": 1
  },
  {
    "id": "entry_76539",
    "matchedName": "KADEM AHMAD",
    "score": 1
  },
  {
    "id": "entry_76544",
    "matchedName": "DANESH PAZHU AHMAD KHADEM",
    "score": 1
  },
  {
    "id": "entry_78329",
    "matchedName": "ALBUMITEUTI ARKAN AHMAD ABBAS ALBUMAZIDA",
    "score": 1
  },
  {
    "id": "entry_78334",
    "matchedName": "ALMITIWITI ARKAN AHMAD ABBAS",
    "score": 1
  },
  {
    "id": "entry_78339",
    "matchedName": "SADA QAHTAN NAWAF AHMAD ALWAN",
    "score": 1
  },
  {
    "id": "entry_79384",
    "matchedName": "AQLYL AHMAD",
    "score": 1
  },
  {
    "id": "entry_79629",
    "matchedName": "HASSAN AHMAD MAHMOUD",
    "score": 1
  },
  {
    "id": "entry_79994",
    "matchedName": "AHMADINEJAD MAHMUD",
    "score": 1
  },
  {
    "id": "entry_80004",
    "matchedName": "AHMADINEJAD MAHMOOD",
    "score": 1
  },
  {
    "id": "entry_80009",
    "matchedName": "AHMADINEZHAD MAHMOUD",
    "score": 1
  },
  {
    "id": "entry_80014",
    "matchedName": "AHMADI NEJAD MAHMOUD",
    "score": 1
  },
  {
    "id": "entry_80019",
    "matchedName": "AHMADINEJHAD MAHMOUD",
    "score": 1
  },
  {
    "id": "entry_80914",
    "matchedName": "SARHAN HASAN AHMAD RADI",
    "score": 1
  },
  {
    "id": "entry_81324",
    "matchedName": "ABDALDAIM MUHAMMAD AHMAD",
    "score": 1
  },
  {
    "id": "entry_81329",
    "matchedName": "ABID AL DAIM NASR ALLAH MOHAMMAD AHMAD",
    "score": 1
  },
  {
    "id": "entry_81339",
    "matchedName": "ABID ALDAIM NASR ALLAH MOHAMMAD AHMAD",
    "score": 1
  },
  {
    "id": "entry_81454",
    "matchedName": "JAKHLAB AHMAD SAADO YUSUF",
    "score": 1
  },
  {
    "id": "entry_81459",
    "matchedName": "ALDUWAIK AIMAN AHMAD RASHED",
    "score": 1
  },
  {
    "id": "entry_81464",
    "matchedName": "AL DUWAIK AIMAN AHMAD R",
    "score": 1
  },
  {
    "id": "entry_81934",
    "matchedName": "FEYZOLLAHI AHMAD ALI",
    "score": 1
  },
  {
    "id": "entry_81939",
    "matchedName": "FEYZOLLAHI ALI AHMAD",
    "score": 1
  },
  {
    "id": "entry_81944",
    "matchedName": "FEIZLOLLAHI ALI AHMAD",
    "score": 1
  },
  {
    "id": "entry_82349",
    "matchedName": "HASAN ABD ALKARIM AHMAD",
    "score": 1
  },
  {
    "id": "entry_82464",
    "matchedName": "BARHUM ISMAIL MUSA AHMAD",
    "score": 1
  },
  {
    "id": "entry_83864",
    "matchedName": "DOURI AHMAD",
    "score": 1
  },
  {
    "id": "entry_84204",
    "matchedName": "SHAMLAKH AHMAD SHABBIR",
    "score": 1
  },
  {
    "id": "entry_84209",
    "matchedName": "SHAMALLAKH AHMAD",
    "score": 1
  },
  {
    "id": "entry_89154",
    "matchedName": "NUR AHMADI MASUD",
    "score": 1
  },
  {
    "id": "entry_89934",
    "matchedName": "ALHAYFI MUADH AHMAD MUHAMMAD",
    "score": 1
  },
  {
    "id": "entry_90444",
    "matchedName": "HAMAD GHAZI AHMAD",
    "score": 1
  },
  {
    "id": "entry_92989",
    "matchedName": "BARAKALLAH AHMAD ABDELRAHMAN JUMAA",
    "score": 1
  },
  {
    "id": "entry_93209",
    "matchedName": "AZADEH AHMADREZA",
    "score": 1
  },
  {
    "id": "entry_93299",
    "matchedName": "HANNOUN MAHID AHMAD MOHAMMAD",
    "score": 1
  },
  {
    "id": "entry_93309",
    "matchedName": "HANNOUN MOHAMAD MAHMOUD AHMAD",
    "score": 1
  },
  {
    "id": "entry_96489",
    "matchedName": "AL HADI AHMAD",
    "score": 1
  },
  {
    "id": "entry_97589",
    "matchedName": "AMIRINIA AHMAD",
    "score": 1
  },
  {
    "id": "entry_97804",
    "matchedName": "ALUBRAHIMI AHMAD",
    "score": 1
  },
  {
    "id": "entry_98144",
    "matchedName": "REZAI MOHAMMAD AHMAD",
    "score": 1
  },
  {
    "id": "entry_98154",
    "matchedName": "TALEB AHMAD HAGHIGHAT",
    "score": 1
  },
  {
    "id": "entry_98159",
    "matchedName": "SADEGH AHMAD HAGHIGHAT TALEB",
    "score": 1
  },
  {
    "id": "entry_98654",
    "matchedName": "JAMIL NEAMEH AHMAD",
    "score": 1
  },
  {
    "id": "entry_98659",
    "matchedName": "JAMIL NEHMEH AHMAD",
    "score": 1
  },
  {
    "id": "entry_98664",
    "matchedName": "JAMIL NIMAH AHMAD",
    "score": 1
  },
  {
    "id": "entry_98669",
    "matchedName": "JAMIL NIMA AHMAD",
    "score": 1
  },
  {
    "id": "entry_98734",
    "matchedName": "KRESHT ALI AHMAD",
    "score": 1
  },
  {
    "id": "entry_99639",
    "matchedName": "NILI AHMADABADI MAHDI",
    "score": 1
  },
  {
    "id": "entry_100499",
    "matchedName": "AHMAD FADZLON",
    "score": 1
  },
  {
    "id": "entry_100519",
    "matchedName": "QAIDI AHMAD",
    "score": 1
  },
  {
    "id": "entry_101248",
    "matchedName": "JABRIL AHMAD",
    "score": 1
  },
  {
    "id": "entry_101424",
    "matchedName": "MUSA RIFAI AHMAD TAHA",
    "score": 1
  },
  {
    "id": "entry_101648",
    "matchedName": "AHMAD TARIQ ANWAR ALSAYYID",
    "score": 1
  },
  {
    "id": "entry_101676",
    "matchedName": "ALMUGHASSIL AHMAD IBRAHIM",
    "score": 1
  },
  {
    "id": "entry_101748",
    "matchedName": "HAMDAN SALIM AHMAD SALIM",
    "score": 1
  },
  {
    "id": "entry_103157",
    "matchedName": "DOB CIRCA 1942; POB ALDUR IRAQ; NATIONALITY IRAQ; FORMER DEPUTY COMMANDERINCHIEF OF IRAQI MILITARY; DEPUTY SECRETARY FORMER BATH PARTY REGIONAL COMMAND; FORMER VICE CHAIRMAN REVOLUTIONARY COMMAND COUNCIL; AKA ABU BRAYS; AKA ABU AHMAD",
    "score": 1
  },
  {
    "id": "entry_103184",
    "matchedName": "ALTIKRITI IBRAHIM AHMAD ABD ALSATTAR MUHAMMED",
    "score": 1
  },
  {
    "id": "entry_103240",
    "matchedName": "ALTAI SULTAN HASHIM AHMAD",
    "score": 1
  },
  {
    "id": "entry_103872",
    "matchedName": "ZERFAOUI AHMAD",
    "score": 1
  },
  {
    "id": "entry_104008",
    "matchedName": "BARAKAT ASSAD AHMAD",
    "score": 1
  },
  {
    "id": "entry_104009",
    "matchedName": "DOB 25 MAR 1967; POB LEBANON; ADDITIONAL SANCTIONS INFORMATION SUBJECT TO SECONDARY SANCTIONS PURSUANT TO THE HIZBALLAH FINANCIAL SANCTIONS REGULATIONS; SECONDARY SANCTIONS RISK: SECTION 1(B) OF EXECUTIVE ORDER 13224 AS AMENDED BY EXECUTIVE ORDER 13886; AKA HAJJ ASAD AHMAD",
    "score": 1
  },
  {
    "id": "entry_104072",
    "matchedName": "AHMAD RASEM",
    "score": 1
  },
  {
    "id": "entry_104076",
    "matchedName": "AHMAD WALLID ISSA",
    "score": 1
  },
  {
    "id": "entry_104124",
    "matchedName": "ALKHODAIR AHMAD HUSSEIN",
    "score": 1
  },
  {
    "id": "entry_104152",
    "matchedName": "ALZIBARI ARSHAD MUHAMMAD AHMAD MUHAMMAD",
    "score": 1
  },
  {
    "id": "entry_104300",
    "matchedName": "KHALIL DR AHMAD MURTADA AHMAD",
    "score": 1
  },
  {
    "id": "entry_104352",
    "matchedName": "SALIH ABD ALMUNIM AHMAD",
    "score": 1
  },
  {
    "id": "entry_104440",
    "matchedName": "MAKKI JAFFAR AHMAD ABDULLAH",
    "score": 1
  },
  {
    "id": "entry_104448",
    "matchedName": "ALSUDANI KHALID AHMAD JUMAH",
    "score": 1
  },
  {
    "id": "entry_104624",
    "matchedName": "AHMAD MUHAMMAD YUNIS",
    "score": 1
  },
  {
    "id": "entry_104860",
    "matchedName": "AHMAD ZAKI IZZAT ZAKI",
    "score": 1
  },
  {
    "id": "entry_104868",
    "matchedName": "ALISLAMBULI MUHAMMAD AHMAD SHAWQI",
    "score": 1
  },
  {
    "id": "entry_105044",
    "matchedName": "AHMAD FARHAD KANABI",
    "score": 1
  },
  {
    "id": "entry_105152",
    "matchedName": "HAMMAD FATHI AHMAD MOHAMMAD",
    "score": 1
  },
  {
    "id": "entry_105360",
    "matchedName": "AHMAD NAJMUDDIN FARAJ",
    "score": 1
  },
  {
    "id": "entry_105400",
    "matchedName": "BARAKAT HATIM AHMAD",
    "score": 1
  },
  {
    "id": "entry_105404",
    "matchedName": "BARAKAT HAMZI AHMAD",
    "score": 1
  },
  {
    "id": "entry_105544",
    "matchedName": "HARUN AHMAD MUHAMMED",
    "score": 1
  },
  {
    "id": "entry_105660",
    "matchedName": "ALAHMAD AHMAD MUHAMMAD YUNIS",
    "score": 1
  },
  {
    "id": "entry_105728",
    "matchedName": "ALKURD AHMAD HARB",
    "score": 1
  },
  {
    "id": "entry_105752",
    "matchedName": "ALSHAMI AHMAD",
    "score": 1
  },
  {
    "id": "entry_105796",
    "matchedName": "AHMADIAN ALI AKBAR",
    "score": 1
  },
  {
    "id": "entry_105876",
    "matchedName": "DASTJERDI AHMAD VAHID",
    "score": 1
  },
  {
    "id": "entry_105916",
    "matchedName": "BEHZAD AHMAD ABDULLA MOHAMMAD ABDULLA",
    "score": 1
  },
  {
    "id": "entry_105917",
    "matchedName": "DOB 02 NOV 1971; POB DUBAI UNITED ARAB EMIRATES; CITIZEN UNITED ARAB EMIRATES; PASSPORT A1042768 (UNITED ARAB EMIRATES); ALT PASSPORT A0269124 (UNITED ARAB EMIRATES); AKA AHMED MOHAMMED ABDULLAH; AKA ABDULLAH MOHAMMED ABDULLAH BAHZAD; AKA MOHAMMED ABDULLAH MOHAMMED BAHZAD; AKA AHMED BEHZA; AKA ABDULLA MOHAMAD ABDULLA MOHAMAD BEHZAD; AKA ABDULLAH AHMAD ABDULLAH MOHAMAD BAHZAD",
    "score": 1
  },
  {
    "id": "entry_106125",
    "matchedName": "DOB CIRCA 1960; ALT DOB 1957; ALT DOB CIRCA 1955; ALT DOB CIRCA 1958; ALT DOB CIRCA 1959; ALT DOB CIRCA 1961; ALT DOB CIRCA 1962; ALT DOB CIRCA 1963; POB KERMANSHAH IRAN; ADDITIONAL SANCTIONS INFORMATION SUBJECT TO SECONDARY SANCTIONS; SECONDARY SANCTIONS RISK: SECTION 1(B) OF EXECUTIVE ORDER 13224 AS AMENDED BY EXECUTIVE ORDER 13886; BRIGADIER GENERAL COMMANDING OFFICER OF THE IRANIAN ISLAMIC REVOLUTIONARY GUARD CORPSQODS FORCE RAMAZAN CORPS; DEPUTY COMMANDER OF THE RAMAZAN HEADQUARTERS; CHIEF OF STAFF OF THE IRAQ CRISIS STAFF; AKA JAFARI; AKA ABU SHAHAB; AKA ABU AHMAD ISHAB",
    "score": 1
  },
  {
    "id": "entry_106316",
    "matchedName": "SANTOS AHMAD (AHMED)",
    "score": 1
  },
  {
    "id": "entry_106468",
    "matchedName": "ALUBAYDI AHMAD HASSAN KAKA",
    "score": 1
  },
  {
    "id": "entry_107228",
    "matchedName": "KADDOURA ALI AHMAD",
    "score": 1
  },
  {
    "id": "entry_107912",
    "matchedName": "ALDULAYMI AHMAD KHALAF SHABIB",
    "score": 1
  },
  {
    "id": "entry_107913",
    "matchedName": "DOB 25 MAY 1972; POB ALFALLUJAH IRAQ; NATIONALITY IRAQ; CITIZEN UNITED KINGDOM; SECONDARY SANCTIONS RISK: SECTION 1(B) OF EXECUTIVE ORDER 13224 AS AMENDED BY EXECUTIVE ORDER 13886; PASSPORT C00168817 ISSUED 08 DEC 2005 EXPIRES 25 MAY 2015; ALT PASSPORT G1407597 (IRAQ); AKA ALDOLEMY AHMED; AKA AHMAD HAJJI; AKA SULAYMAN ABU; AKA SHABSHAR ABU; AKA WAIL HAJJI; AKA ALISAWI AHMAD; AKA AHMAD ABU USAMA",
    "score": 1
  },
  {
    "id": "entry_108312",
    "matchedName": "VAHIDI AHMAD",
    "score": 1
  },
  {
    "id": "entry_108576",
    "matchedName": "RADAN AHMADREZA",
    "score": 1
  },
  {
    "id": "entry_108888",
    "matchedName": "SHAHID AHMAD KAZEMI INDUSTRIES GROUP",
    "score": 1
  },
  {
    "id": "entry_109280",
    "matchedName": "MOGHADAM ISMAIL AHMADI",
    "score": 1
  },
  {
    "id": "entry_109320",
    "matchedName": "AGHA AHMAD ZIA",
    "score": 1
  },
  {
    "id": "entry_109632",
    "matchedName": "EL KHANSA AHMAD",
    "score": 1
  },
  {
    "id": "entry_109881",
    "matchedName": "DOB 01 JAN 1979; POB NAVA LASH KARGAH AFGHANISTAN; NATIONALITY AFGHANISTAN; LINKED TO: NEW AHMADI LTD",
    "score": 1
  },
  {
    "id": "entry_109896",
    "matchedName": "NEW AHMADI LTD",
    "score": 1
  },
  {
    "id": "entry_110184",
    "matchedName": "CHEHADE ALI AHMAD",
    "score": 1
  },
  {
    "id": "entry_112388",
    "matchedName": "MANSUR MUHAMMAD YUSUF AHMAD",
    "score": 1
  },
  {
    "id": "entry_112484",
    "matchedName": "SUNGKAR SAID AHMAD",
    "score": 1
  },
  {
    "id": "entry_112504",
    "matchedName": "ALKASHIF MUHAMMAD JAMAL ABDAL RAHIM AHMAD",
    "score": 1
  },
  {
    "id": "entry_113608",
    "matchedName": "CHAUDHRY NAZIR AHMAD",
    "score": 1
  },
  {
    "id": "entry_114529",
    "matchedName": "DOB 20 JUN 1965; POB LEBANON; ADDITIONAL SANCTIONS INFORMATION SUBJECT TO SECONDARY SANCTIONS PURSUANT TO THE HIZBALLAH FINANCIAL SANCTIONS REGULATIONS; SECONDARY SANCTIONS RISK: SECTION 1(B) OF EXECUTIVE ORDER 13224 AS AMENDED BY EXECUTIVE ORDER 13886; AKA TAHINI AHMAD; LINKED TO: HIZBALLAH",
    "score": 1
  },
  {
    "id": "entry_114633",
    "matchedName": "DOB 1972; POB SOMALIA; SECONDARY SANCTIONS RISK: SECTION 1(B) OF EXECUTIVE ORDER 13224 AS AMENDED BY EXECUTIVE ORDER 13886; AKA UBAIDAH ABU; AKA UMAR AHMAD; AKA DIRIYE ABU",
    "score": 1
  },
  {
    "id": "entry_116108",
    "matchedName": "ALBINALI TURKI MUBARAK ABDULLAH AHMAD",
    "score": 1
  },
  {
    "id": "entry_116112",
    "matchedName": "ALZAHRANI FAYSAL AHMAD ALI",
    "score": 1
  },
  {
    "id": "entry_117276",
    "matchedName": "ALALLAK ASHRAF AHMAD FARI",
    "score": 1
  },
  {
    "id": "entry_117352",
    "matchedName": "AHMAD FIRAS",
    "score": 1
  },
  {
    "id": "entry_117368",
    "matchedName": "DAHI YASIN AHMAD",
    "score": 1
  },
  {
    "id": "entry_117388",
    "matchedName": "BALLUL AHMAD",
    "score": 1
  },
  {
    "id": "entry_117780",
    "matchedName": "ALHASRI BASSAM AHMAD",
    "score": 1
  },
  {
    "id": "entry_117781",
    "matchedName": "DOB 01 JAN 1971 TO 31 DEC 1971; ALT DOB 01 JAN 1969; POB QALAMUN DAMASCUS PROVINCE SYRIA; ALT POB GHUTAH DAMASCUS PROVINCE SYRIA; ALT POB TADAMON RIF DIMASHQ SYRIA; NATIONALITY SYRIA; ALT NATIONALITY PALESTINIAN; GENDER MALE; SECONDARY SANCTIONS RISK: SECTION 1(B) OF EXECUTIVE ORDER 13224 AS AMENDED BY EXECUTIVE ORDER 13886; AKA ALSHAMI ABU AHMAD; AKA AKHLAQ ABU AHMAD; LINKED TO: ALNUSRAH FRONT",
    "score": 1
  },
  {
    "id": "entry_117924",
    "matchedName": "HASAN YUSUF AHMAD",
    "score": 1
  },
  {
    "id": "entry_118264",
    "matchedName": "ALI AHMAD",
    "score": 1
  },
  {
    "id": "entry_118272",
    "matchedName": "AHMAD AYMAN",
    "score": 1
  },
  {
    "id": "entry_118376",
    "matchedName": "AHMADI RAHIM",
    "score": 1
  },
  {
    "id": "entry_118388",
    "matchedName": "ALISAWI MUHAMMAD AHMAD ALI",
    "score": 1
  },
  {
    "id": "entry_118572",
    "matchedName": "ATAR OUSSAMA AHMAD",
    "score": 1
  },
  {
    "id": "entry_118884",
    "matchedName": "ALKHALD AHMAD",
    "score": 1
  },
  {
    "id": "entry_118936",
    "matchedName": "AHMADZADEGAN SADEGH",
    "score": 1
  },
  {
    "id": "entry_118956",
    "matchedName": "FATHI AHMAD",
    "score": 1
  },
  {
    "id": "entry_120448",
    "matchedName": "SAAD ISSAM AHMAD",
    "score": 1
  },
  {
    "id": "entry_120856",
    "matchedName": "ALI AHMAD IMAN",
    "score": 1
  },
  {
    "id": "entry_121092",
    "matchedName": "AHMAD FAYYAZ",
    "score": 1
  },
  {
    "id": "entry_123284",
    "matchedName": "BEHZAD MORTEZA AHMADALI",
    "score": 1
  },
  {
    "id": "entry_125936",
    "matchedName": "ALJUBOURI AHMAD ABDULLAH",
    "score": 1
  },
  {
    "id": "entry_126532",
    "matchedName": "AHMAD MUHAMMAD ALI SAYID",
    "score": 1
  },
  {
    "id": "entry_126865",
    "matchedName": "RUC # 800683528 (PARAGUAY); LINKED TO: HIJAZI KHALIL AHMAD",
    "score": 1
  },
  {
    "id": "entry_126869",
    "matchedName": "RUC # 800684800 (PARAGUAY); LINKED TO: HIJAZI KHALIL AHMAD",
    "score": 1
  },
  {
    "id": "entry_126873",
    "matchedName": "RUC # 800683676 (PARAGUAY); LINKED TO: HIJAZI KHALIL AHMAD",
    "score": 1
  },
  {
    "id": "entry_126892",
    "matchedName": "KHAN SAYED HABIB AHMAD",
    "score": 1
  },
  {
    "id": "entry_127268",
    "matchedName": "AHMAD NAZEM SAID",
    "score": 1
  },
  {
    "id": "entry_127273",
    "matchedName": "SECONDARY SANCTIONS RISK: SECTION 1(B) OF EXECUTIVE ORDER 13224 AS AMENDED BY EXECUTIVE ORDER 13886; COMMERCIAL REGISTRY NUMBER 1005283 (LEBANON); LINKED TO: AHMAD NAZEM SAID",
    "score": 1
  },
  {
    "id": "entry_127277",
    "matchedName": "SECONDARY SANCTIONS RISK: SECTION 1(B) OF EXECUTIVE ORDER 13224 AS AMENDED BY EXECUTIVE ORDER 13886; COMMERCIAL REGISTRY NUMBER 1005284 (LEBANON); LINKED TO: AHMAD NAZEM SAID",
    "score": 1
  },
  {
    "id": "entry_127281",
    "matchedName": "SECONDARY SANCTIONS RISK: SECTION 1(B) OF EXECUTIVE ORDER 13224 AS AMENDED BY EXECUTIVE ORDER 13886; COMMERCIAL REGISTRY NUMBER 44925 (LEBANON); LINKED TO: AHMAD NAZEM SAID",
    "score": 1
  },
  {
    "id": "entry_127285",
    "matchedName": "SECONDARY SANCTIONS RISK: SECTION 1(B) OF EXECUTIVE ORDER 13224 AS AMENDED BY EXECUTIVE ORDER 13886; COMMERCIAL REGISTRY NUMBER 1013410 (LEBANON); LINKED TO: AHMAD NAZEM SAID",
    "score": 1
  },
  {
    "id": "entry_127289",
    "matchedName": "SECONDARY SANCTIONS RISK: SECTION 1(B) OF EXECUTIVE ORDER 13224 AS AMENDED BY EXECUTIVE ORDER 13886; COMMERCIAL REGISTRY NUMBER 1901008 (LEBANON); LINKED TO: AHMAD NAZEM SAID",
    "score": 1
  },
  {
    "id": "entry_127293",
    "matchedName": "SECONDARY SANCTIONS RISK: SECTION 1(B) OF EXECUTIVE ORDER 13224 AS AMENDED BY EXECUTIVE ORDER 13886; COMMERCIAL REGISTRY NUMBER 1013408 (LEBANON); LINKED TO: AHMAD NAZEM SAID",
    "score": 1
  },
  {
    "id": "entry_127297",
    "matchedName": "SECONDARY SANCTIONS RISK: SECTION 1(B) OF EXECUTIVE ORDER 13224 AS AMENDED BY EXECUTIVE ORDER 13886; COMMERCIAL REGISTRY NUMBER 1013407 (LEBANON); LINKED TO: AHMAD NAZEM SAID",
    "score": 1
  },
  {
    "id": "entry_127301",
    "matchedName": "SECONDARY SANCTIONS RISK: SECTION 1(B) OF EXECUTIVE ORDER 13224 AS AMENDED BY EXECUTIVE ORDER 13886; COMMERCIAL REGISTRY NUMBER 1013406 (LEBANON); LINKED TO: AHMAD NAZEM SAID",
    "score": 1
  },
  {
    "id": "entry_127305",
    "matchedName": "SECONDARY SANCTIONS RISK: SECTION 1(B) OF EXECUTIVE ORDER 13224 AS AMENDED BY EXECUTIVE ORDER 13886; COMMERCIAL REGISTRY NUMBER 1013409 (LEBANON); LINKED TO: AHMAD NAZEM SAID",
    "score": 1
  },
  {
    "id": "entry_127309",
    "matchedName": "SECONDARY SANCTIONS RISK: SECTION 1(B) OF EXECUTIVE ORDER 13224 AS AMENDED BY EXECUTIVE ORDER 13886; COMMERCIAL REGISTRY NUMBER 1004271 (LEBANON); LINKED TO: AHMAD NAZEM SAID",
    "score": 1
  },
  {
    "id": "entry_127313",
    "matchedName": "SECONDARY SANCTIONS RISK: SECTION 1(B) OF EXECUTIVE ORDER 13224 AS AMENDED BY EXECUTIVE ORDER 13886; COMMERCIAL REGISTRY NUMBER 1800235 (LEBANON); LINKED TO: AHMAD NAZEM SAID",
    "score": 1
  },
  {
    "id": "entry_127824",
    "matchedName": "HIJAZI KHALIL AHMAD",
    "score": 1
  },
  {
    "id": "entry_127896",
    "matchedName": "JANNATI AHMAD",
    "score": 1
  },
  {
    "id": "entry_127936",
    "matchedName": "ALHAMIDAWI AHMAD",
    "score": 1
  },
  {
    "id": "entry_128268",
    "matchedName": "JAMALEDDINE NAZIR AHMAD MOHAMMED",
    "score": 1
  },
  {
    "id": "entry_128296",
    "matchedName": "HAMSHO AHMAD SABIR MOHAMMED",
    "score": 1
  },
  {
    "id": "entry_129132",
    "matchedName": "SHIVAI AHMAD ASGHARI",
    "score": 1
  },
  {
    "id": "entry_130116",
    "matchedName": "KHAZAI AHMAD",
    "score": 1
  },
  {
    "id": "entry_130284",
    "matchedName": "MARVI AHMAD",
    "score": 1
  },
  {
    "id": "entry_130404",
    "matchedName": "ALSHAKHAN FUAD AHMAD NURI ALI",
    "score": 1
  },
  {
    "id": "entry_130600",
    "matchedName": "AL ASIRI AHMAD HASSAN MOHAMMED",
    "score": 1
  },
  {
    "id": "entry_130656",
    "matchedName": "ALHAMZI AHMAD",
    "score": 1
  },
  {
    "id": "entry_130920",
    "matchedName": "YAZBECK AHMAD MOHAMAD",
    "score": 1
  },
  {
    "id": "entry_131425",
    "matchedName": "DOB 01 MAY 1977; NATIONALITY UNITED KINGDOM; GENDER MALE; SECONDARY SANCTIONS RISK: SECTION 1(B) OF EXECUTIVE ORDER 13224 AS AMENDED BY EXECUTIVE ORDER 13886; PASSPORT 548347810 (UNITED KINGDOM) EXPIRES 20 JAN 2029; ALT PASSPORT D00015633 (SOMALIA) EXPIRES 13 AUG 2027; ALT PASSPORT 528911113 (UNITED KINGDOM) EXPIRES 04 NOV 2026; LINKED TO: ALJAMAL SAID AHMAD MUHAMMAD",
    "score": 1
  },
  {
    "id": "entry_131444",
    "matchedName": "ALJAMAL SAID AHMAD MUHAMMAD",
    "score": 1
  },
  {
    "id": "entry_131445",
    "matchedName": "DOB 01 JAN 1979; ALT DOB 28 JUL 1978; NATIONALITY YEMEN; GENDER MALE; SECONDARY SANCTIONS RISK: SECTION 1(B) OF EXECUTIVE ORDER 13224 AS AMENDED BY EXECUTIVE ORDER 13886; DIGITAL CURRENCY ADDRESS USDT TLNRT524DZL5FF1NJHDHYEMFPEWJLJRBZ1; ALT DIGITAL CURRENCY ADDRESS USDT THH5WOR8QFMDSNKNQ3AGPYZQSIRTMNKSTH; ALT DIGITAL CURRENCY ADDRESS USDT TV5ZTPKDSZLTF6XCMNPONGS33PWBGF91BY; ALT DIGITAL CURRENCY ADDRESS USDT TTAHMDQOOM4F2VTWNIROPWQHCTRZ4CAOH4; ALT DIGITAL CURRENCY ADDRESS USDT TFFVV7NAWMBCVFA7QN81MMVUC25TWJ1WJX; PASSPORT 04716186 (YEMEN); ALT PASSPORT U63475649 (IRAN) EXPIRES 24 JUN 2028; ALT PASSPORT E49297849 (IRAN) EXPIRES 24 AUG 2024; AKA AHMAD ABU; AKA HISHAM; AKA ABUALI; AKA CAIHONG; AKA KHRPI; LINKED TO: ISLAMIC REVOLUTIONARY GUARD CORPS (IRGC)QODS FORCE",
    "score": 1
  },
  {
    "id": "entry_131449",
    "matchedName": "ADDITIONAL SANCTIONS INFORMATION SUBJECT TO SECONDARY SANCTIONS; SECONDARY SANCTIONS RISK: SECTION 1(B) OF EXECUTIVE ORDER 13224 AS AMENDED BY EXECUTIVE ORDER 13886; VESSEL REGISTRATION IDENTIFICATION IMO 9167148; LINKED TO: ALJAMAL SAID AHMAD MUHAMMAD",
    "score": 1
  },
  {
    "id": "entry_131453",
    "matchedName": "DOB 01 JAN 1980; NATIONALITY SOMALIA; ADDITIONAL SANCTIONS INFORMATION SUBJECT TO SECONDARY SANCTIONS; GENDER MALE; SECONDARY SANCTIONS RISK: SECTION 1(B) OF EXECUTIVE ORDER 13224 AS AMENDED BY EXECUTIVE ORDER 13886; PASSPORT 60358533 (OMAN); LINKED TO: ALJAMAL SAID AHMAD MUHAMMAD",
    "score": 1
  },
  {
    "id": "entry_131457",
    "matchedName": "DOB 16 APR 1977; POB YEMEN; NATIONALITY YEMEN; ADDITIONAL SANCTIONS INFORMATION SUBJECT TO SECONDARY SANCTIONS; GENDER MALE; SECONDARY SANCTIONS RISK: SECTION 1(B) OF EXECUTIVE ORDER 13224 AS AMENDED BY EXECUTIVE ORDER 13886; LINKED TO: ALJAMAL SAID AHMAD MUHAMMAD",
    "score": 1
  },
  {
    "id": "entry_131465",
    "matchedName": "DOB 23 DEC 1973; POB AL BUKAMAL SYRIA; NATIONALITY SYRIA; ADDITIONAL SANCTIONS INFORMATION SUBJECT TO SECONDARY SANCTIONS; GENDER MALE; SECONDARY SANCTIONS RISK: SECTION 1(B) OF EXECUTIVE ORDER 13224 AS AMENDED BY EXECUTIVE ORDER 13886; LINKED TO: ALJAMAL SAID AHMAD MUHAMMAD",
    "score": 1
  },
  {
    "id": "entry_131469",
    "matchedName": "DOB 05 JAN 1975; NATIONALITY SYRIA; ADDITIONAL SANCTIONS INFORMATION SUBJECT TO SECONDARY SANCTIONS; GENDER MALE; SECONDARY SANCTIONS RISK: SECTION 1(B) OF EXECUTIVE ORDER 13224 AS AMENDED BY EXECUTIVE ORDER 13886; IDENTIFICATION NUMBER 7501053735 (SWEDEN); LINKED TO: ALJAMAL SAID AHMAD MUHAMMAD",
    "score": 1
  },
  {
    "id": "entry_131473",
    "matchedName": "WEBSITE HTTPS://SWAIDEXCHANGECOM; ADDITIONAL SANCTIONS INFORMATION SUBJECT TO SECONDARY SANCTIONS; SECONDARY SANCTIONS RISK: SECTION 1(B) OF EXECUTIVE ORDER 13224 AS AMENDED BY EXECUTIVE ORDER 13886; ORGANIZATION TYPE: OTHER MONETARY INTERMEDIATION; LINKED TO: ALJAMAL SAID AHMAD MUHAMMAD",
    "score": 1
  },
  {
    "id": "entry_131684",
    "matchedName": "ALHAYES AHMAD IHSAN FAYYAD",
    "score": 1
  },
  {
    "id": "entry_133812",
    "matchedName": "ALMAGHRABI HAYTHAM AHMAD SHUKRI AHMAD",
    "score": 1
  },
  {
    "id": "entry_133820",
    "matchedName": "ALKHATIB AHMAD",
    "score": 1
  },
  {
    "id": "entry_133825",
    "matchedName": "SECONDARY SANCTIONS RISK: SECTION 1(B) OF EXECUTIVE ORDER 13224 AS AMENDED BY EXECUTIVE ORDER 13886; ORGANIZATION ESTABLISHED DATE 08 OCT 2019; TAX ID NO 35116112/000197 (BRAZIL); AKA CASO E CASA; LINKED TO: ALKHATIB AHMAD",
    "score": 1
  },
  {
    "id": "entry_134565",
    "matchedName": "WEBSITE HTTPS://ALAMEYAHEXPRESSYECOM; SECONDARY SANCTIONS RISK: SECTION 1(B) OF EXECUTIVE ORDER 13224 AS AMENDED BY EXECUTIVE ORDER 13886; ORGANIZATION TYPE: OTHER MONETARY INTERMEDIATION; LINKED TO: ALJAMAL SAID AHMAD MUHAMMAD",
    "score": 1
  },
  {
    "id": "entry_134569",
    "matchedName": "WEBSITE HTTPS://ALHADHAGROUPCOM; ALT WEBSITE HTTPS://ALHADHAGROUP; SECONDARY SANCTIONS RISK: SECTION 1(B) OF EXECUTIVE ORDER 13224 AS AMENDED BY EXECUTIVE ORDER 13886; ORGANIZATION TYPE: OTHER MONETARY INTERMEDIATION; LINKED TO: ALJAMAL SAID AHMAD MUHAMMAD",
    "score": 1
  },
  {
    "id": "entry_134581",
    "matchedName": "DOB 18 MAR 1949; POB ELLINIKO GREECE; NATIONALITY GREECE; GENDER MALE; SECONDARY SANCTIONS RISK: SECTION 1(B) OF EXECUTIVE ORDER 13224 AS AMENDED BY EXECUTIVE ORDER 13886; PASSPORT AT0435443 (GREECE) EXPIRES 02 AUG 2025; LINKED TO: ALJAMAL SAID AHMAD MUHAMMAD",
    "score": 1
  },
  {
    "id": "entry_134629",
    "matchedName": "SECONDARY SANCTIONS RISK: SECTION 1(B) OF EXECUTIVE ORDER 13224 AS AMENDED BY EXECUTIVE ORDER 13886; ORGANIZATION ESTABLISHED DATE 31 OCT 2017; CHAMBER OF COMMERCE NUMBER 1095528 (TURKEY); REGISTRATION NUMBER 1056025 (TURKEY); CENTRAL REGISTRATION SYSTEM NUMBER 389094978900001 (TURKEY); AKA GARANTI GOLD AND EXCHANGE; LINKED TO: ALJAMAL SAID AHMAD MUHAMMAD",
    "score": 1
  },
  {
    "id": "entry_134633",
    "matchedName": "SECONDARY SANCTIONS RISK: SECTION 1(B) OF EXECUTIVE ORDER 13224 AS AMENDED BY EXECUTIVE ORDER 13886; TARGET TYPE PRIVATE COMPANY; LINKED TO: ALJAMAL SAID AHMAD MUHAMMAD",
    "score": 1
  },
  {
    "id": "entry_134637",
    "matchedName": "DOB 13 SEP 1979; POB TAIZZ ALMUKHA YEMEN; NATIONALITY YEMEN; GENDER MALE; SECONDARY SANCTIONS RISK: SECTION 1(B) OF EXECUTIVE ORDER 13224 AS AMENDED BY EXECUTIVE ORDER 13886; PASSPORT 06398551 (YEMEN) EXPIRES 18 APR 2022; LINKED TO: ALJAMAL SAID AHMAD MUHAMMAD",
    "score": 1
  },
  {
    "id": "entry_139792",
    "matchedName": "ABDALLAH AHMAD JALAL REDA",
    "score": 1
  },
  {
    "id": "entry_139797",
    "matchedName": "DOB 19 DEC 1965; NATIONALITY LEBANON; GENDER MALE; SECONDARY SANCTIONS RISK: SECTION 1(B) OF EXECUTIVE ORDER 13224 AS AMENDED BY EXECUTIVE ORDER 13886; LINKED TO: ABDALLAH AHMAD JALAL REDA",
    "score": 1
  },
  {
    "id": "entry_139805",
    "matchedName": "SECONDARY SANCTIONS RISK: SECTION 1(B) OF EXECUTIVE ORDER 13224 AS AMENDED BY EXECUTIVE ORDER 13886; ORGANIZATION TYPE: ACTIVITIES OF HOLDING COMPANIES; REGISTRATION NUMBER 1901123 (LEBANON) ISSUED 19 FEB 2008; LINKED TO: ABDALLAH AHMAD JALAL REDA",
    "score": 1
  },
  {
    "id": "entry_139809",
    "matchedName": "SECONDARY SANCTIONS RISK: SECTION 1(B) OF EXECUTIVE ORDER 13224 AS AMENDED BY EXECUTIVE ORDER 13886; REGISTRATION NUMBER 1802820 (LEBANON) ISSUED 22 SEP 2008; LINKED TO: ABDALLAH AHMAD JALAL REDA",
    "score": 1
  },
  {
    "id": "entry_139813",
    "matchedName": "WEBSITE HTTP://WWWUNITEDGSERVICECOM; SECONDARY SANCTIONS RISK: SECTION 1(B) OF EXECUTIVE ORDER 13224 AS AMENDED BY EXECUTIVE ORDER 13886; REGISTRATION NUMBER 2003067 (LEBANON) ISSUED 11 MAR 2004; LINKED TO: ABDALLAH AHMAD JALAL REDA",
    "score": 1
  },
  {
    "id": "entry_139837",
    "matchedName": "DOB 03 JUN 1964; NATIONALITY LEBANON; GENDER MALE; SECONDARY SANCTIONS RISK: SECTION 1(B) OF EXECUTIVE ORDER 13224 AS AMENDED BY EXECUTIVE ORDER 13886; LINKED TO: ABDALLAH AHMAD JALAL REDA",
    "score": 1
  },
  {
    "id": "entry_139841",
    "matchedName": "DOB 19 MAY 1962; NATIONALITY LEBANON; GENDER MALE; SECONDARY SANCTIONS RISK: SECTION 1(B) OF EXECUTIVE ORDER 13224 AS AMENDED BY EXECUTIVE ORDER 13886; PASSPORT LR1191153 (LEBANON); ALT PASSPORT A12404797 (IRAQ); LINKED TO: ABDALLAH AHMAD JALAL REDA",
    "score": 1
  },
  {
    "id": "entry_139844",
    "matchedName": "ABDALLAH HUSSEIN AHMAD JALAL",
    "score": 1
  },
  {
    "id": "entry_139845",
    "matchedName": "DOB 11 FEB 1996; NATIONALITY LEBANON; GENDER MALE; SECONDARY SANCTIONS RISK: SECTION 1(B) OF EXECUTIVE ORDER 13224 AS AMENDED BY EXECUTIVE ORDER 13886; LINKED TO: ABDALLAH AHMAD JALAL REDA",
    "score": 1
  },
  {
    "id": "entry_140889",
    "matchedName": "ADDITIONAL SANCTIONS INFORMATION SUBJECT TO SECONDARY SANCTIONS; ORGANIZATION ESTABLISHED DATE 30 JUN 2007; ORGANIZATION TYPE: OTHER INFORMATION TECHNOLOGY AND COMPUTER SERVICE ACTIVITIES; TARGET TYPE PRIVATE COMPANY; NATIONAL ID NO 10860176637 (IRAN); REGISTRATION ID 8862 (IRAN); LINKED TO: KHATIBI AGHADA AHMAD",
    "score": 1
  },
  {
    "id": "entry_140892",
    "matchedName": "AHMADI MANSOUR",
    "score": 1
  },
  {
    "id": "entry_141196",
    "matchedName": "AGHA AHMADI MOHAMMAD",
    "score": 1
  },
  {
    "id": "entry_141244",
    "matchedName": "KHATIBI AGHADA AHMAD",
    "score": 1
  },
  {
    "id": "entry_141816",
    "matchedName": "MIRZAEI HAJ AHMAD",
    "score": 1
  },
  {
    "id": "entry_141901",
    "matchedName": "DOB 1966; POB QANDALA SOMALIA; NATIONALITY YEMEN; GENDER MALE; SECONDARY SANCTIONS RISK: SECTION 1(B) OF EXECUTIVE ORDER 13224 AS AMENDED BY EXECUTIVE ORDER 13886; AKA MATAAN AHMED; AKA MATAAN AHMAD; LINKED TO: ALSHABAAB",
    "score": 1
  },
  {
    "id": "entry_142216",
    "matchedName": "SHAFAHI AHMAD",
    "score": 1
  },
  {
    "id": "entry_142564",
    "matchedName": "NOROOZI AHMAD",
    "score": 1
  },
  {
    "id": "entry_143536",
    "matchedName": "KARIMI AHMAD",
    "score": 1
  },
  {
    "id": "entry_145197",
    "matchedName": "DOB 08 NOV 1958; POB RUDSAR IRAN; NATIONALITY IRAN; ADDITIONAL SANCTIONS INFORMATION SUBJECT TO SECONDARY SANCTIONS; GENDER MALE; NATIONAL ID NO 2690705257 (IRAN); AKA AMIRI AHMAD; AKA MURAT RAJIB; AKA AZARIAN AMIN; LINKED TO: DEFENSE TECHNOLOGY AND SCIENCE RESEARCH CENTER",
    "score": 1
  },
  {
    "id": "entry_145936",
    "matchedName": "AHMAD FIRAS NAZEM",
    "score": 1
  },
  {
    "id": "entry_145937",
    "matchedName": "DOB 14 MAY 1991; NATIONALITY SOUTH AFRICA; ALT NATIONALITY BELGIUM; GENDER MALE; SECONDARY SANCTIONS RISK: SECTION 1(B) OF EXECUTIVE ORDER 13224 AS AMENDED BY EXECUTIVE ORDER 13886; PASSPORT EH454630 (BELGIUM); ALT PASSPORT 712211555 (UNITED STATES); ALT PASSPORT EJ586315 (BELGIUM) EXPIRES 23 SEP 2017; ALT PASSPORT RL3752510 (LEBANON) EXPIRES 10 MAY 2021; IDENTIFICATION NUMBER 9105146334188 (SOUTH AFRICA); LINKED TO: AHMAD NAZEM SAID",
    "score": 1
  },
  {
    "id": "entry_145940",
    "matchedName": "AHMAD HIND NAZEM",
    "score": 1
  },
  {
    "id": "entry_145941",
    "matchedName": "DOB 04 NOV 1992; POB ANTWERP BELGIUM; NATIONALITY BELGIUM; GENDER FEMALE; SECONDARY SANCTIONS RISK: SECTION 1(B) OF EXECUTIVE ORDER 13224 AS AMENDED BY EXECUTIVE ORDER 13886; PASSPORT EP784076 (BELGIUM) EXPIRES 03 MAY 2025; ALT PASSPORT EI463437 (BELGIUM) EXPIRES 22 MAR 2016; LINKED TO: AHMAD NAZEM SAID",
    "score": 1
  },
  {
    "id": "entry_145945",
    "matchedName": "DOB 29 MAY 1968; POB BEIRUT LEBANON; NATIONALITY LEBANON; GENDER MALE; SECONDARY SANCTIONS RISK: SECTION 1(B) OF EXECUTIVE ORDER 13224 AS AMENDED BY EXECUTIVE ORDER 13886; PASSPORT EN992200 (BELGIUM) EXPIRES 20 DEC 2022; ALT PASSPORT EH970706 (BELGIUM); LINKED TO: AHMAD NAZEM SAID",
    "score": 1
  },
  {
    "id": "entry_145953",
    "matchedName": "DOB 25 FEB 1970; POB BEIRUT LEBANON; NATIONALITY LEBANON; ALT NATIONALITY BELGIUM; GENDER FEMALE; SECONDARY SANCTIONS RISK: SECTION 1(B) OF EXECUTIVE ORDER 13224 AS AMENDED BY EXECUTIVE ORDER 13886; PASSPORT LR0503197 (LEBANON) EXPIRES 01 AUG 2022; ALT PASSPORT EM719287 (BELGIUM) EXPIRES 02 MAR 2022; ALT PASSPORT E1277888 (BELGIUM); LINKED TO: AHMAD NAZEM SAID",
    "score": 1
  },
  {
    "id": "entry_145957",
    "matchedName": "DOB 10 OCT 1974; POB MONROVIA LIBERIA; NATIONALITY LEBANON; GENDER MALE; SECONDARY SANCTIONS RISK: SECTION 1(B) OF EXECUTIVE ORDER 13224 AS AMENDED BY EXECUTIVE ORDER 13886; PASSPORT LR2006465 (LEBANON) EXPIRES 22 FEB 2031; IDENTIFICATION NUMBER 2712653 (LEBANON); LINKED TO: AHMAD NAZEM SAID",
    "score": 1
  },
  {
    "id": "entry_145961",
    "matchedName": "DOB 01 JUN 1985; POB KOUNIN LEBANON; NATIONALITY LEBANON; GENDER MALE; SECONDARY SANCTIONS RISK: SECTION 1(B) OF EXECUTIVE ORDER 13224 AS AMENDED BY EXECUTIVE ORDER 13886; PASSPORT LR2096669 (LEBANON); ALT PASSPORT LR0484848 EXPIRES 31 JUL 2022; IDENTIFICATION NUMBER 1003688727 (BULGARIA); LINKED TO: AHMAD NAZEM SAID",
    "score": 1
  },
  {
    "id": "entry_146025",
    "matchedName": "DOB 23 DEC 1983; POB ARNOUN LEBANON; NATIONALITY LEBANON; GENDER MALE; SECONDARY SANCTIONS RISK: SECTION 1(B) OF EXECUTIVE ORDER 13224 AS AMENDED BY EXECUTIVE ORDER 13886; IDENTIFICATION NUMBER 000023845887 (LEBANON); LINKED TO: AHMAD NAZEM SAID",
    "score": 1
  },
  {
    "id": "entry_146037",
    "matchedName": "DOB 27 AUG 1957; POB MADURAITAMILNADU INDIA; NATIONALITY INDIA; GENDER MALE; SECONDARY SANCTIONS RISK: SECTION 1(B) OF EXECUTIVE ORDER 13224 AS AMENDED BY EXECUTIVE ORDER 13886; PASSPORT Z1871965 (INDIA) EXPIRES 04 FEB 2019; RESIDENCY NUMBER 114078810 (LEBANON); LINKED TO: AHMAD NAZEM SAID",
    "score": 1
  },
  {
    "id": "entry_146069",
    "matchedName": "DOB 12 MAY 1967; NATIONALITY LEBANON; GENDER MALE; SECONDARY SANCTIONS RISK: SECTION 1(B) OF EXECUTIVE ORDER 13224 AS AMENDED BY EXECUTIVE ORDER 13886; PASSPORT RL2898488 (LEBANON) EXPIRES 11 AUG 2019; LINKED TO: AHMAD NAZEM SAID; LINKED TO: AHMAD FIRAS NAZEM",
    "score": 1
  },
  {
    "id": "entry_146113",
    "matchedName": "DOB 25 APR 1979; NATIONALITY LEBANON; GENDER MALE; SECONDARY SANCTIONS RISK: SECTION 1(B) OF EXECUTIVE ORDER 13224 AS AMENDED BY EXECUTIVE ORDER 13886; PASSPORT RL2084101 (LEBANON); LINKED TO: AHMAD FIRAS NAZEM",
    "score": 1
  },
  {
    "id": "entry_146117",
    "matchedName": "SECONDARY SANCTIONS RISK: SECTION 1(B) OF EXECUTIVE ORDER 13224 AS AMENDED BY EXECUTIVE ORDER 13886; REGISTRATION NUMBER 2901 (UNITED ARAB EMIRATES); ALT REGISTRATION NUMBER 1511 (UNITED ARAB EMIRATES); LINKED TO: AHMAD NAZEM SAID",
    "score": 1
  },
  {
    "id": "entry_146121",
    "matchedName": "SECONDARY SANCTIONS RISK: SECTION 1(B) OF EXECUTIVE ORDER 13224 AS AMENDED BY EXECUTIVE ORDER 13886; ORGANIZATION ESTABLISHED DATE 15 OCT 2012; REGISTRATION NUMBER DMCC32587 (UNITED ARAB EMIRATES); ALT REGISTRATION NUMBER DMCC3609 (UNITED ARAB EMIRATES); ALT REGISTRATION NUMBER 11458255 (UNITED ARAB EMIRATES); LINKED TO: AHMAD NAZEM SAID",
    "score": 1
  },
  {
    "id": "entry_146125",
    "matchedName": "DOB 14 APR 1992; POB LEBANON; NATIONALITY LEBANON; GENDER MALE; SECONDARY SANCTIONS RISK: SECTION 1(B) OF EXECUTIVE ORDER 13224 AS AMENDED BY EXECUTIVE ORDER 13886; PASSPORT 2654120 (LEBANON) EXPIRES 22 OCT 2018; IDENTIFICATION NUMBER 9204146485189 (SOUTH AFRICA); LINKED TO: AHMAD FIRAS NAZEM",
    "score": 1
  },
  {
    "id": "entry_146145",
    "matchedName": "SECONDARY SANCTIONS RISK: SECTION 1(B) OF EXECUTIVE ORDER 13224 AS AMENDED BY EXECUTIVE ORDER 13886; ORGANIZATION ESTABLISHED DATE 30 JUN 2010; VAT NUMBER 4650272281 (SOUTH AFRICA); TAX ID NO 9427992160 (SOUTH AFRICA); COMMERCIAL REGISTRY NUMBER 2010/096811/23 (SOUTH AFRICA); LINKED TO: AHMAD FIRAS NAZEM",
    "score": 1
  },
  {
    "id": "entry_146169",
    "matchedName": "SECONDARY SANCTIONS RISK: SECTION 1(B) OF EXECUTIVE ORDER 13224 AS AMENDED BY EXECUTIVE ORDER 13886; ORGANIZATION ESTABLISHED DATE 14 APR 1994; REGISTRATION NUMBER 66884 (LEBANON); LINKED TO: AHMAD NAZEM SAID",
    "score": 1
  },
  {
    "id": "entry_146173",
    "matchedName": "DOB 19 JAN 1963; POB BEIRUT LEBANON; NATIONALITY LEBANON; GENDER MALE; SECONDARY SANCTIONS RISK: SECTION 1(B) OF EXECUTIVE ORDER 13224 AS AMENDED BY EXECUTIVE ORDER 13886; PASSPORT GA238402 (CANADA) EXPIRES 25 APR 2024; IDENTIFICATION NUMBER M177091 3 (HONG KONG); LINKED TO: AHMAD FIRAS NAZEM",
    "score": 1
  },
  {
    "id": "entry_146177",
    "matchedName": "SECONDARY SANCTIONS RISK: SECTION 1(B) OF EXECUTIVE ORDER 13224 AS AMENDED BY EXECUTIVE ORDER 13886; ORGANIZATION ESTABLISHED DATE 10 FEB 2012; REGISTRATION NUMBER 1704628 (HONG KONG); LINKED TO: AHMAD FIRAS NAZEM; LINKED TO: ARTUAL GALLERY",
    "score": 1
  },
  {
    "id": "entry_146193",
    "matchedName": "DOB 04 OCT 1983; NATIONALITY FRANCE; ALT NATIONALITY CONGO DEMOCRATIC REPUBLIC OF THE; GENDER MALE; SECONDARY SANCTIONS RISK: SECTION 1(B) OF EXECUTIVE ORDER 13224 AS AMENDED BY EXECUTIVE ORDER 13886; PASSPORT A02118824 (SENEGAL) EXPIRES 21 SEP 2025; ALT PASSPORT 05DK11992 (FRANCE) EXPIRES 08 JUN 2015; ALT PASSPORT 15FV05021 (FRANCE) EXPIRES 14 APR 2025; ALT PASSPORT A01498634 (SENEGAL) EXPIRES 22 APR 2020; LINKED TO: AHMAD HIND NAZEM",
    "score": 1
  },
  {
    "id": "entry_146201",
    "matchedName": "DOB 23 SEP 1989; POB BEIRUT LEBANON; NATIONALITY LEBANON; GENDER FEMALE; SECONDARY SANCTIONS RISK: SECTION 1(B) OF EXECUTIVE ORDER 13224 AS AMENDED BY EXECUTIVE ORDER 13886; PASSPORT RL3544453 (LEBANON) EXPIRES 12 JAN 2021; ALT PASSPORT 4066019 (LEBANON) EXPIRES 08 OCT 2025; LINKED TO: AHMAD FIRAS NAZEM",
    "score": 1
  },
  {
    "id": "entry_146209",
    "matchedName": "WEBSITE HTTPS://WWWDIDAAAACOM; EMAIL ADDRESS INFO@DIDAAAACOM; SECONDARY SANCTIONS RISK: SECTION 1(B) OF EXECUTIVE ORDER 13224 AS AMENDED BY EXECUTIVE ORDER 13886; PHONE NUMBER 2250700002071; LINKED TO: AHMAD HIND NAZEM",
    "score": 1
  },
  {
    "id": "entry_146217",
    "matchedName": "SECONDARY SANCTIONS RISK: SECTION 1(B) OF EXECUTIVE ORDER 13224 AS AMENDED BY EXECUTIVE ORDER 13886; ORGANIZATION ESTABLISHED DATE 21 JUL 2015; VAT NUMBER 4180271522 (SOUTH AFRICA); TAX ID NO 9825071161 (SOUTH AFRICA); COMMERCIAL REGISTRY NUMBER 2015/252356/07 (SOUTH AFRICA); FKA XXX DIAMONDS PTY LTD; LINKED TO: AHMAD FIRAS NAZEM",
    "score": 1
  },
  {
    "id": "entry_146253",
    "matchedName": "SECONDARY SANCTIONS RISK: SECTION 1(B) OF EXECUTIVE ORDER 13224 AS AMENDED BY EXECUTIVE ORDER 13886; REGISTRATION NUMBER 1558345 (HONG KONG); LINKED TO: AHMAD FIRAS NAZEM",
    "score": 1
  },
  {
    "id": "entry_146257",
    "matchedName": "SECONDARY SANCTIONS RISK: SECTION 1(B) OF EXECUTIVE ORDER 13224 AS AMENDED BY EXECUTIVE ORDER 13886; ORGANIZATION ESTABLISHED DATE 15 JUN 2008; TAX ID NO 100072307000003 (UNITED ARAB EMIRATES); REGISTRATION NUMBER DMCC31921 (UNITED ARAB EMIRATES); ALT REGISTRATION NUMBER DMCC1189 (UNITED ARAB EMIRATES); LINKED TO: AHMAD NAZEM SAID",
    "score": 1
  },
  {
    "id": "entry_146261",
    "matchedName": "WEBSITE HTTP://ARTUALCO; SECONDARY SANCTIONS RISK: SECTION 1(B) OF EXECUTIVE ORDER 13224 AS AMENDED BY EXECUTIVE ORDER 13886; ORGANIZATION ESTABLISHED DATE 20 MAR 2018; REGISTRATION NUMBER 3427220 (LEBANON); ALT REGISTRATION NUMBER 1024026 (LEBANON); AKA THE ART GALLERY; LINKED TO: AHMAD HIND NAZEM",
    "score": 1
  },
  {
    "id": "entry_146265",
    "matchedName": "SECONDARY SANCTIONS RISK: SECTION 1(B) OF EXECUTIVE ORDER 13224 AS AMENDED BY EXECUTIVE ORDER 13886; ORGANIZATION ESTABLISHED DATE 21 MAY 2005; ORGANIZATION TYPE: WHOLESALE OF JEWELRY WATCHES PRECIOUS STONES AND PRECIOUS METALS; REGISTRATION NUMBER DMCC30193 (UNITED ARAB EMIRATES); ALT REGISTRATION NUMBER DMCC0399 (UNITED ARAB EMIRATES); LINKED TO: AHMAD NAZEM SAID",
    "score": 1
  },
  {
    "id": "entry_146273",
    "matchedName": "SECONDARY SANCTIONS RISK: SECTION 1(B) OF EXECUTIVE ORDER 13224 AS AMENDED BY EXECUTIVE ORDER 13886; ORGANIZATION ESTABLISHED DATE 06 DEC 2012; COMMERCIAL REGISTRY NUMBER 1105925 (UNITED ARAB EMIRATES); REGISTRATION NUMBER 679880 (UNITED ARAB EMIRATES); ALT REGISTRATION NUMBER 212281 (UNITED ARAB EMIRATES); LINKED TO: AHMAD NAZEM SAID",
    "score": 1
  },
  {
    "id": "entry_146285",
    "matchedName": "DOB 30 JUL 1967; POB IVORY COAST; NATIONALITY LEBANON; GENDER MALE; SECONDARY SANCTIONS RISK: SECTION 1(B) OF EXECUTIVE ORDER 13224 AS AMENDED BY EXECUTIVE ORDER 13886; IDENTIFICATION NUMBER 000049952325 (LEBANON); LINKED TO: AHMAD FIRAS NAZEM",
    "score": 1
  },
  {
    "id": "entry_146289",
    "matchedName": "DOB 04 JUL 1966; NATIONALITY LEBANON; ALT NATIONALITY UNITED KINGDOM; GENDER MALE; SECONDARY SANCTIONS RISK: SECTION 1(B) OF EXECUTIVE ORDER 13224 AS AMENDED BY EXECUTIVE ORDER 13886; IDENTIFICATION NUMBER 505120217 (UNITED KINGDOM); LINKED TO: AHMAD FIRAS NAZEM",
    "score": 1
  },
  {
    "id": "entry_146301",
    "matchedName": "DOB 19 MAR 1978; NATIONALITY BELGIUM; GENDER MALE; SECONDARY SANCTIONS RISK: SECTION 1(B) OF EXECUTIVE ORDER 13224 AS AMENDED BY EXECUTIVE ORDER 13886; PASSPORT ES992390 (BELGIUM) EXPIRES 07 DEC 2027; ALT PASSPORT EH949960 (BELGIUM) EXPIRES 23 FEB 2015; ALT PASSPORT EF346590 (BELGIUM) EXPIRES 25 JUL 2010; LINKED TO: AHMAD FIRAS NAZEM",
    "score": 1
  },
  {
    "id": "entry_146321",
    "matchedName": "DOB 22 JAN 1978; NATIONALITY FRANCE; GENDER MALE; SECONDARY SANCTIONS RISK: SECTION 1(B) OF EXECUTIVE ORDER 13224 AS AMENDED BY EXECUTIVE ORDER 13886; PASSPORT 13FV29368; LINKED TO: AHMAD NAZEM SAID",
    "score": 1
  },
  {
    "id": "entry_146329",
    "matchedName": "DOB 12 MAR 1970; POB LEBANON; GENDER MALE; SECONDARY SANCTIONS RISK: SECTION 1(B) OF EXECUTIVE ORDER 13224 AS AMENDED BY EXECUTIVE ORDER 13886; PASSPORT RL3566341 (LEBANON); ALT PASSPORT RL0742799 (LEBANON); ALT PASSPORT LR1800603 (LEBANON) EXPIRES 27 SEP 2030; IDENTIFICATION NUMBER 78419700969812; LINKED TO: AHMAD NAZEM SAID",
    "score": 1
  },
  {
    "id": "entry_146400",
    "matchedName": "SEYEDOSHOHADA AHMAD KHADEM",
    "score": 1
  },
  {
    "id": "entry_147932",
    "matchedName": "ALMATUTI ARKAN AHMAD ABBAS",
    "score": 1
  },
  {
    "id": "entry_147936",
    "matchedName": "ALRASHIDI NAWAF AHMAD ALWAN",
    "score": 1
  },
  {
    "id": "entry_149184",
    "matchedName": "NADERIAN AHMAD",
    "score": 1
  },
  {
    "id": "entry_149340",
    "matchedName": "AHMADINEJAD MAHMOUD",
    "score": 1
  },
  {
    "id": "entry_149489",
    "matchedName": "DOB 24 OCT 1964; POB BASHT KOHGILUYEH AND BOYER AHMAD; NATIONALITY IRAN; ADDITIONAL SANCTIONS INFORMATION SUBJECT TO SECONDARY SANCTIONS; GENDER MALE; LEF COMMANDER FARS PROVINCE; LINKED TO: LAW ENFORCEMENT FORCES OF THE ISLAMIC REPUBLIC OF IRAN",
    "score": 1
  },
  {
    "id": "entry_149524",
    "matchedName": "TAHERI AHMAD",
    "score": 1
  },
  {
    "id": "entry_150364",
    "matchedName": "ABDALDAYIM NASRALLAH MUHAMMAD AHMAD",
    "score": 1
  },
  {
    "id": "entry_150448",
    "matchedName": "ALDUWAIK AIMAN AHMAD",
    "score": 1
  },
  {
    "id": "entry_151016",
    "matchedName": "FAIZULLAHI ALI AHMAD",
    "score": 1
  },
  {
    "id": "entry_151788",
    "matchedName": "BARHUM ISMAIL MUSA AHMAD",
    "score": 1
  },
  {
    "id": "entry_151796",
    "matchedName": "ALIYAN JAMIL YUSUF AHMAD",
    "score": 1
  },
  {
    "id": "entry_153201",
    "matchedName": "WEBSITE HTTPS://DAVOSEXCHANGE; ALT WEBSITE HTTPS://DAFOS1990BUSINESSSITE; SECONDARY SANCTIONS RISK: SECTION 1(B) OF EXECUTIVE ORDER 13224 AS AMENDED BY EXECUTIVE ORDER 13886; LINKED TO: ALJAMAL SAID AHMAD MUHAMMAD",
    "score": 1
  },
  {
    "id": "entry_153205",
    "matchedName": "DOB 01 JAN 1976; NATIONALITY YEMEN; GENDER MALE; SECONDARY SANCTIONS RISK: SECTION 1(B) OF EXECUTIVE ORDER 13224 AS AMENDED BY EXECUTIVE ORDER 13886; PASSPORT 08213902 (YEMEN) EXPIRES 30 DEC 2024; LINKED TO: ALJAMAL SAID AHMAD MUHAMMAD",
    "score": 1
  },
  {
    "id": "entry_153213",
    "matchedName": "DOB 12 JAN 1987; POB ALEPPO SYRIA; NATIONALITY TURKEY; ALT NATIONALITY SYRIA; GENDER MALE; SECONDARY SANCTIONS RISK: SECTION 1(B) OF EXECUTIVE ORDER 13224 AS AMENDED BY EXECUTIVE ORDER 13886; PASSPORT U15854473 (TURKEY); NATIONAL ID NO 74383101388 (TURKEY); LINKED TO: ALJAMAL SAID AHMAD MUHAMMAD",
    "score": 1
  },
  {
    "id": "entry_153217",
    "matchedName": "WEBSITE HTTP://WWWELITDIAMONDNET; SECONDARY SANCTIONS RISK: SECTION 1(B) OF EXECUTIVE ORDER 13224 AS AMENDED BY EXECUTIVE ORDER 13886; ORGANIZATION ESTABLISHED DATE 01 DEC 2005; CHAMBER OF COMMERCE NUMBER 571571 (TURKEY); CENTRAL REGISTRATION SYSTEM NUMBER 0663029785900016 (TURKEY); LINKED TO: ALJAMAL SAID AHMAD MUHAMMAD",
    "score": 1
  },
  {
    "id": "entry_153221",
    "matchedName": "SECONDARY SANCTIONS RISK: SECTION 1(B) OF EXECUTIVE ORDER 13224 AS AMENDED BY EXECUTIVE ORDER 13886; ORGANIZATION ESTABLISHED DATE 06 SEP 2000; ALT ORGANIZATION ESTABLISHED DATE 23 DEC 2021; COMMERCIAL REGISTRY NUMBER 1654359 (UNITED ARAB EMIRATES); LICENSE 1016292 (UNITED ARAB EMIRATES); CHAMBER OF COMMERCE NUMBER 383851 (UNITED ARAB EMIRATES); BUSINESS REGISTRATION NUMBER 521012 (UNITED ARAB EMIRATES); ECONOMIC REGISTER NUMBER (CBLS) 10803911 (UNITED ARAB EMIRATES); LINKED TO: ALJAMAL SAID AHMAD MUHAMMAD",
    "score": 1
  },
  {
    "id": "entry_153225",
    "matchedName": "DOB 04 MAY 1975; POB ALEPPO SYRIA; NATIONALITY LEBANON; ALT NATIONALITY SYRIA; ALT NATIONALITY RUSSIA; ALT NATIONALITY TURKEY; GENDER MALE; SECONDARY SANCTIONS RISK: SECTION 1(B) OF EXECUTIVE ORDER 13224 AS AMENDED BY EXECUTIVE ORDER 13886; TAX ID NO 244705926511 (RUSSIA); IDENTIFICATION NUMBER 117221771 (LEBANON); ALT IDENTIFICATION NUMBER 114048392 (LEBANON); ALT IDENTIFICATION NUMBER 0996361 (RUSSIA); ALT IDENTIFICATION NUMBER 460780224 (UNITED KINGDOM); LINKED TO: ALJAMAL SAID AHMAD MUHAMMAD",
    "score": 1
  },
  {
    "id": "entry_153257",
    "matchedName": "DOB 10 JUL 1968; NATIONALITY LEBANON; GENDER MALE; SECONDARY SANCTIONS RISK: SECTION 1(B) OF EXECUTIVE ORDER 13224 AS AMENDED BY EXECUTIVE ORDER 13886; PASSPORT LR2435514 (LEBANON) EXPIRES 02 NOV 2031; LINKED TO: ALJAMAL SAID AHMAD MUHAMMAD",
    "score": 1
  },
  {
    "id": "entry_153441",
    "matchedName": "WEBSITE HTTPS://NABCOYECOM; SECONDARY SANCTIONS RISK: SECTION 1(B) OF EXECUTIVE ORDER 13224 AS AMENDED BY EXECUTIVE ORDER 13886; ORGANIZATION TYPE: OTHER MONETARY INTERMEDIATION; AKA NABCO COMPANY; LINKED TO: ALJAMAL SAID AHMAD MUHAMMAD",
    "score": 1
  },
  {
    "id": "entry_153449",
    "matchedName": "SECONDARY SANCTIONS RISK: SECTION 1(B) OF EXECUTIVE ORDER 13224 AS AMENDED BY EXECUTIVE ORDER 13886; ORGANIZATION TYPE: OTHER MONETARY INTERMEDIATION; LINKED TO: ALJAMAL SAID AHMAD MUHAMMAD",
    "score": 1
  },
  {
    "id": "entry_153573",
    "matchedName": "SECONDARY SANCTIONS RISK: SECTION 1(B) OF EXECUTIVE ORDER 13224 AS AMENDED BY EXECUTIVE ORDER 13886; ORGANIZATION ESTABLISHED DATE 28 MAY 2023; IDENTIFICATION NUMBER IMO 6410134; REGISTRATION NUMBER 75354250 (HONG KONG); LINKED TO: ALJAMAL SAID AHMAD MUHAMMAD",
    "score": 1
  },
  {
    "id": "entry_153577",
    "matchedName": "SECONDARY SANCTIONS RISK: SECTION 1(B) OF EXECUTIVE ORDER 13224 AS AMENDED BY EXECUTIVE ORDER 13886; ORGANIZATION ESTABLISHED DATE 15 DEC 2020; IDENTIFICATION NUMBER IMO 6197743; BUSINESS REGISTRATION NUMBER 107145 (MARSHALL ISLANDS); LINKED TO: ALJAMAL SAID AHMAD MUHAMMAD",
    "score": 1
  },
  {
    "id": "entry_153964",
    "matchedName": "ALTALIBI MUHAMMAD AHMAD",
    "score": 1
  },
  {
    "id": "entry_154973",
    "matchedName": "SECONDARY SANCTIONS RISK: SECTION 1(B) OF EXECUTIVE ORDER 13224 AS AMENDED BY EXECUTIVE ORDER 13886; ORGANIZATION ESTABLISHED DATE 04 MAR 2021; ORGANIZATION TYPE: SEA AND COASTAL FREIGHT WATER TRANSPORT; IDENTIFICATION NUMBER IMO 6213660; BUSINESS REGISTRATION NUMBER 108158 (MARSHALL ISLANDS); LINKED TO: ALJAMAL SAID AHMAD MUHAMMAD",
    "score": 1
  },
  {
    "id": "entry_155133",
    "matchedName": "SECONDARY SANCTIONS RISK: SECTION 1(B) OF EXECUTIVE ORDER 13224 AS AMENDED BY EXECUTIVE ORDER 13886; ORGANIZATION ESTABLISHED DATE 06 APR 2023; IDENTIFICATION NUMBER IMO 6399602; COMPANY NUMBER 3268114 (HONG KONG); LINKED TO: ALJAMAL SAID AHMAD MUHAMMAD",
    "score": 1
  },
  {
    "id": "entry_156484",
    "matchedName": "ALDAMMAMI HUSSEIN AHMAD ABDALLAH AHMAD HUSSEIN",
    "score": 1
  },
  {
    "id": "entry_156497",
    "matchedName": "SECONDARY SANCTIONS RISK: SECTION 1(B) OF EXECUTIVE ORDER 13224 AS AMENDED BY EXECUTIVE ORDER 13886; ORGANIZATION ESTABLISHED DATE 2023; IDENTIFICATION NUMBER IMO 6388435; LINKED TO: ALJAMAL SAID AHMAD MUHAMMAD",
    "score": 1
  },
  {
    "id": "entry_156521",
    "matchedName": "SECONDARY SANCTIONS RISK: SECTION 1(B) OF EXECUTIVE ORDER 13224 AS AMENDED BY EXECUTIVE ORDER 13886; ORGANIZATION ESTABLISHED DATE 09 JUN 2023; CR NO 3287498 (HONG KONG); IDENTIFICATION NUMBER IMO 6428388; LINKED TO: ALJAMAL SAID AHMAD MUHAMMAD",
    "score": 1
  },
  {
    "id": "entry_156641",
    "matchedName": "SECONDARY SANCTIONS RISK: SECTION 1(B) OF EXECUTIVE ORDER 13224 AS AMENDED BY EXECUTIVE ORDER 13886; CIN U63090UP2019PTC117063 (INDIA); REGISTRATION NUMBER 117603 (INDIA) ISSUED 17 MAY 2019; LINKED TO: ALJAMAL SAID AHMAD MUHAMMAD",
    "score": 1
  },
  {
    "id": "entry_156665",
    "matchedName": "REGISTRATION COUNTRY LIBERIA; SECONDARY SANCTIONS RISK: SECTION 1(B) OF EXECUTIVE ORDER 13224 AS AMENDED BY EXECUTIVE ORDER 13886; IDENTIFICATION NUMBER IMO 6270941; LINKED TO: ALJAMAL SAID AHMAD MUHAMMAD",
    "score": 1
  },
  {
    "id": "entry_156709",
    "matchedName": "SECONDARY SANCTIONS RISK: SECTION 1(B) OF EXECUTIVE ORDER 13224 AS AMENDED BY EXECUTIVE ORDER 13886; REGISTRATION NUMBER 1701198159 (VIETNAM) ISSUED 2009; LINKED TO: ALJAMAL SAID AHMAD MUHAMMAD",
    "score": 1
  },
  {
    "id": "entry_158581",
    "matchedName": "WEBSITE HTTPS://WWWSHARKINTLCOM; SECONDARY SANCTIONS RISK: SECTION 1(B) OF EXECUTIVE ORDER 13224 AS AMENDED BY EXECUTIVE ORDER 13886; ORGANIZATION ESTABLISHED DATE 03 FEB 2022; ALT ORGANIZATION ESTABLISHED DATE 07 APR 2022; ALT ORGANIZATION ESTABLISHED DATE 28 JUN 2022; ALT ORGANIZATION ESTABLISHED DATE 07 DEC 2023; COMMERCIAL REGISTRY NUMBER 1521379 (OMAN); LICENSE 1027607 (UNITED ARAB EMIRATES); ALT LICENSE 1021796 (UNITED ARAB EMIRATES); ALT LICENSE 798429 (UNITED ARAB EMIRATES); ECONOMIC REGISTER NUMBER (CBLS) 11818260 (UNITED ARAB EMIRATES); ALT ECONOMIC REGISTER NUMBER (CBLS) 11898245 (UNITED ARAB EMIRATES); ALT ECONOMIC REGISTER NUMBER (CBLS) 11860782 (UNITED ARAB EMIRATES); LINKED TO: ALJAMAL SAID AHMAD MUHAMMAD",
    "score": 1
  },
  {
    "id": "entry_158589",
    "matchedName": "DOB 17 AUG 1985; POB HASANPUR SULTANPUR UTTAR PRADESH INDIA; NATIONALITY INDIA; GENDER MALE; SECONDARY SANCTIONS RISK: SECTION 1(B) OF EXECUTIVE ORDER 13224 AS AMENDED BY EXECUTIVE ORDER 13886; PASSPORT L6512200 (INDIA) EXPIRES 12 DEC 2023; LINKED TO: ALJAMAL SAID AHMAD MUHAMMAD",
    "score": 1
  },
  {
    "id": "entry_158593",
    "matchedName": "SECONDARY SANCTIONS RISK: SECTION 1(B) OF EXECUTIVE ORDER 13224 AS AMENDED BY EXECUTIVE ORDER 13886; ORGANIZATION ESTABLISHED DATE 21 MAY 2021; COMPANY NUMBER U61100UP2021OPC146413 (INDIA); BUSINESS REGISTRATION NUMBER 146413 (INDIA); LINKED TO: ALJAMAL SAID AHMAD MUHAMMAD",
    "score": 1
  },
  {
    "id": "entry_158604",
    "matchedName": "ALJAMAL ABDALLAH NAJIB AHMAD",
    "score": 1
  },
  {
    "id": "entry_158605",
    "matchedName": "DOB 02 FEB 1997; NATIONALITY YEMEN; GENDER MALE; SECONDARY SANCTIONS RISK: SECTION 1(B) OF EXECUTIVE ORDER 13224 AS AMENDED BY EXECUTIVE ORDER 13886; PASSPORT 06134611 (YEMEN) EXPIRES 26 FEB 2026; LINKED TO: ALJAMAL SAID AHMAD MUHAMMAD",
    "score": 1
  },
  {
    "id": "entry_160189",
    "matchedName": "SECONDARY SANCTIONS RISK: SECTION 1(B) OF EXECUTIVE ORDER 13224 AS AMENDED BY EXECUTIVE ORDER 13886; ORGANIZATION ESTABLISHED DATE 07 OCT 2022; IDENTIFICATION NUMBER IMO 6355082; COMMERCIAL REGISTRY NUMBER 1106299 (UNITED ARAB EMIRATES); ECONOMIC REGISTER NUMBER (CBLS) 11949523 (UNITED ARAB EMIRATES); LINKED TO: ALJAMAL SAID AHMAD MUHAMMAD",
    "score": 1
  },
  {
    "id": "entry_160197",
    "matchedName": "DOB 22 JUN 1971; POB RENY UKRAINE; NATIONALITY UKRAINE; GENDER MALE; SECONDARY SANCTIONS RISK: SECTION 1(B) OF EXECUTIVE ORDER 13224 AS AMENDED BY EXECUTIVE ORDER 13886; PASSPORT FL390461 (UKRAINE) EXPIRES 31 JAN 2028; NATIONAL ID NO 2610507115 (UKRAINE); LINKED TO: ALJAMAL SAID AHMAD MUHAMMAD",
    "score": 1
  },
  {
    "id": "entry_160725",
    "matchedName": "DOB 09 JUL 1978; POB TAIGU CHINA; NATIONALITY CHINA; GENDER MALE; SECONDARY SANCTIONS RISK: SECTION 1(B) OF EXECUTIVE ORDER 13224 AS AMENDED BY EXECUTIVE ORDER 13886; PASSPORT EB8537291 (CHINA) EXPIRES 12 DEC 2027; NATIONAL ID NO 142429197807090035 (CHINA); LINKED TO: ALJAMAL SAID AHMAD MUHAMMAD",
    "score": 1
  },
  {
    "id": "entry_160729",
    "matchedName": "SECONDARY SANCTIONS RISK: SECTION 1(B) OF EXECUTIVE ORDER 13224 AS AMENDED BY EXECUTIVE ORDER 13886; ORGANIZATION ESTABLISHED DATE 07 SEP 2023; LICENSE 1232954 (UNITED ARAB EMIRATES); ECONOMIC REGISTER NUMBER (CBLS) 12166455 (UNITED ARAB EMIRATES); LINKED TO: ALJAMAL SAID AHMAD MUHAMMAD",
    "score": 1
  },
  {
    "id": "entry_160732",
    "matchedName": "BIN AHMAD MOHAMMAD ROSLAN",
    "score": 1
  },
  {
    "id": "entry_160733",
    "matchedName": "DOB 05 NOV 1968; CITIZEN SINGAPORE; ALT CITIZEN MALAYSIA; GENDER MALE; SECONDARY SANCTIONS RISK: SECTION 1(B) OF EXECUTIVE ORDER 13224 AS AMENDED BY EXECUTIVE ORDER 13886; NATIONAL ID NO S6837315H (SINGAPORE); LINKED TO: ALJAMAL SAID AHMAD MUHAMMAD",
    "score": 1
  },
  {
    "id": "entry_160737",
    "matchedName": "REGISTRATION COUNTRY MARSHALL ISLANDS; SECONDARY SANCTIONS RISK: SECTION 1(B) OF EXECUTIVE ORDER 13224 AS AMENDED BY EXECUTIVE ORDER 13886; ORGANIZATION ESTABLISHED DATE 21 FEB 2023; IDENTIFICATION NUMBER IMO 6389977; BUSINESS REGISTRATION NUMBER 118561 (MARSHALL ISLANDS); LINKED TO: ALJAMAL SAID AHMAD MUHAMMAD",
    "score": 1
  },
  {
    "id": "entry_160753",
    "matchedName": "WEBSITE ASCENTGENERALINSURANCECOM; SECONDARY SANCTIONS RISK: SECTION 1(B) OF EXECUTIVE ORDER 13224 AS AMENDED BY EXECUTIVE ORDER 13886; ORGANIZATION TYPE: FINANCIAL AND INSURANCE ACTIVITIES; AKA AGI; LINKED TO: ALJAMAL SAID AHMAD MUHAMMAD",
    "score": 1
  },
  {
    "id": "entry_160757",
    "matchedName": "SECONDARY SANCTIONS RISK: SECTION 1(B) OF EXECUTIVE ORDER 13224 AS AMENDED BY EXECUTIVE ORDER 13886; ORGANIZATION ESTABLISHED DATE 17 AUG 2021; IDENTIFICATION NUMBER IMO 6253546; BUSINESS REGISTRATION NUMBER 110481 (MARSHALL ISLANDS); LINKED TO: ALJAMAL SAID AHMAD MUHAMMAD",
    "score": 1
  },
  {
    "id": "entry_161241",
    "matchedName": "SECONDARY SANCTIONS RISK: SECTION 1(B) OF EXECUTIVE ORDER 13224 AS AMENDED BY EXECUTIVE ORDER 13886; ORGANIZATION ESTABLISHED DATE 19 JAN 2024; IDENTIFICATION NUMBER IMO 6474740; REGISTRATION NUMBER 12831 (MARSHALL ISLANDS); LINKED TO: ALJAMAL SAID AHMAD MUHAMMAD",
    "score": 1
  },
  {
    "id": "entry_161249",
    "matchedName": "WEBSITE MYTRANSMARINECOM; SECONDARY SANCTIONS RISK: SECTION 1(B) OF EXECUTIVE ORDER 13224 AS AMENDED BY EXECUTIVE ORDER 13886; ORGANIZATION ESTABLISHED DATE 14 SEP 2011; TRADE LICENSE NO 960156A (MALAYSIA); ALT TRADE LICENSE NO 201101032021 (MALAYSIA); LINKED TO: ALJAMAL SAID AHMAD MUHAMMAD",
    "score": 1
  },
  {
    "id": "entry_161253",
    "matchedName": "WEBSITE HTTPS://WWWKFDGENERALTRADINGCOM; SECONDARY SANCTIONS RISK: SECTION 1(B) OF EXECUTIVE ORDER 13224 AS AMENDED BY EXECUTIVE ORDER 13886; ORGANIZATION ESTABLISHED DATE 04 MAY 2023; LICENSE 1182400 (UNITED ARAB EMIRATES); ECONOMIC REGISTER NUMBER (CBLS) 12056923 (UNITED ARAB EMIRATES); LINKED TO: ALJAMAL SAID AHMAD MUHAMMAD",
    "score": 1
  },
  {
    "id": "entry_161257",
    "matchedName": "SECONDARY SANCTIONS RISK: SECTION 1(B) OF EXECUTIVE ORDER 13224 AS AMENDED BY EXECUTIVE ORDER 13886; ORGANIZATION ESTABLISHED DATE 12 AUG 2022; IDENTIFICATION NUMBER IMO 6341738; REGISTRATION NUMBER 115748 (MARSHALL ISLANDS); LINKED TO: ALJAMAL SAID AHMAD MUHAMMAD",
    "score": 1
  },
  {
    "id": "entry_161265",
    "matchedName": "SECONDARY SANCTIONS RISK: SECTION 1(B) OF EXECUTIVE ORDER 13224 AS AMENDED BY EXECUTIVE ORDER 13886; ORGANIZATION ESTABLISHED DATE 27 JUN 2023; IDENTIFICATION NUMBER IMO 6420851; REGISTRATION NUMBER 120646 (MARSHALL ISLANDS); LINKED TO: ALJAMAL SAID AHMAD MUHAMMAD",
    "score": 1
  },
  {
    "id": "entry_161281",
    "matchedName": "WEBSITE WWWONXTRADINGCOM; SECONDARY SANCTIONS RISK: SECTION 1(B) OF EXECUTIVE ORDER 13224 AS AMENDED BY EXECUTIVE ORDER 13886; ORGANIZATION ESTABLISHED DATE 18 SEP 2023; LICENSE 31337 (UNITED ARAB EMIRATES); ECONOMIC REGISTER NUMBER (CBLS) 12175035 (UNITED ARAB EMIRATES); LINKED TO: ALJAMAL SAID AHMAD MUHAMMAD",
    "score": 1
  },
  {
    "id": "entry_161445",
    "matchedName": "DOB 21 AUG 1970; POB MUMBAI INDIA; NATIONALITY INDIA; GENDER MALE; SECONDARY SANCTIONS RISK: SECTION 1(B) OF EXECUTIVE ORDER 13224 AS AMENDED BY EXECUTIVE ORDER 13886; PASSPORT Z6684898 (INDIA) EXPIRES 10 MAR 2032; LINKED TO: ALJAMAL SAID AHMAD MUHAMMAD",
    "score": 1
  },
  {
    "id": "entry_162864",
    "matchedName": "ALKUHLANI HASAN AHMAD HASAN MUHAMMAD",
    "score": 1
  },
  {
    "id": "entry_162968",
    "matchedName": "AZADEH AHMAD REZA",
    "score": 1
  },
  {
    "id": "entry_163084",
    "matchedName": "HANOUN MUHAMMAD MAHOUD AHMAD AWAD",
    "score": 1
  },
  {
    "id": "entry_165053",
    "matchedName": "SECONDARY SANCTIONS RISK: SECTION 1(B) OF EXECUTIVE ORDER 13224 AS AMENDED BY EXECUTIVE ORDER 13886; ORGANIZATION ESTABLISHED DATE 09 NOV 2020; IDENTIFICATION NUMBER IMO 6190715; BUSINESS NUMBER 106755 (MARSHALL ISLANDS); LINKED TO: ALJAMAL SAID AHMAD MUHAMMAD",
    "score": 1
  },
  {
    "id": "entry_165057",
    "matchedName": "WEBSITE WWWIGSMAE; SECONDARY SANCTIONS RISK: SECTION 1(B) OF EXECUTIVE ORDER 13224 AS AMENDED BY EXECUTIVE ORDER 13886; ORGANIZATION ESTABLISHED DATE 23 JAN 2020; IDENTIFICATION NUMBER IMO 6189156; LICENSE 775899 (UNITED ARAB EMIRATES); ECONOMIC REGISTER NUMBER (CBLS) 11510621 (UNITED ARAB EMIRATES); LINKED TO: ALJAMAL SAID AHMAD MUHAMMAD",
    "score": 1
  },
  {
    "id": "entry_165069",
    "matchedName": "DOB 12 APR 1969; POB PAKISTAN; NATIONALITY PAKISTAN; GENDER MALE; SECONDARY SANCTIONS RISK: SECTION 1(B) OF EXECUTIVE ORDER 13224 AS AMENDED BY EXECUTIVE ORDER 13886; LINKED TO: ALJAMAL SAID AHMAD MUHAMMAD",
    "score": 1
  },
  {
    "id": "entry_165073",
    "matchedName": "DOB 03 DEC 1966; NATIONALITY IRAN; GENDER MALE; SECONDARY SANCTIONS RISK: SECTION 1(B) OF EXECUTIVE ORDER 13224 AS AMENDED BY EXECUTIVE ORDER 13886; PASSPORT I53061052 (IRAN); NATIONAL ID NO 2294701798 (IRAN); LINKED TO: ALJAMAL SAID AHMAD MUHAMMAD",
    "score": 1
  },
  {
    "id": "entry_165077",
    "matchedName": "SECONDARY SANCTIONS RISK: SECTION 1(B) OF EXECUTIVE ORDER 13224 AS AMENDED BY EXECUTIVE ORDER 13886; ORGANIZATION ESTABLISHED DATE 26 JUL 2023; IDENTIFICATION NUMBER IMO 6427552; BUSINESS NUMBER 121123 (MARSHALL ISLANDS); LINKED TO: ALJAMAL SAID AHMAD MUHAMMAD",
    "score": 1
  },
  {
    "id": "entry_168192",
    "matchedName": "HAJJ UMAR AHMAD UMAR AHMAD",
    "score": 1
  },
  {
    "id": "entry_168201",
    "matchedName": "SECONDARY SANCTIONS RISK: SECTION 1(B) OF EXECUTIVE ORDER 13224 AS AMENDED BY EXECUTIVE ORDER 13886; ORGANIZATION TYPE: OTHER FINANCIAL SERVICE ACTIVITIES EXCEPT INSURANCE AND PENSION FUNDING ACTIVITIES NEC; LINKED TO: ALJAMAL SAID AHMAD MUHAMMAD",
    "score": 1
  },
  {
    "id": "entry_168205",
    "matchedName": "WEBSITE MERKURENERGYPORTSCOM; SECONDARY SANCTIONS RISK: SECTION 1(B) OF EXECUTIVE ORDER 13224 AS AMENDED BY EXECUTIVE ORDER 13886; ORGANIZATION ESTABLISHED DATE 2017; COMMERCIAL REGISTRY NUMBER 1233720K (MALAYSIA); REGISTRATION NUMBER 201701019555 (MALAYSIA); LINKED TO: ALJAMAL SAID AHMAD MUHAMMAD",
    "score": 1
  },
  {
    "id": "entry_168213",
    "matchedName": "WEBSITE WWWALHAZMIEXCOM; SECONDARY SANCTIONS RISK: SECTION 1(B) OF EXECUTIVE ORDER 13224 AS AMENDED BY EXECUTIVE ORDER 13886; ORGANIZATION ESTABLISHED DATE CIRCA 1998; ORGANIZATION TYPE: OTHER FINANCIAL SERVICE ACTIVITIES EXCEPT INSURANCE AND PENSION FUNDING ACTIVITIES NEC; AKA ALHAZMI EXCHANGE COMPANY; LINKED TO: ALJAMAL SAID AHMAD MUHAMMAD",
    "score": 1
  },
  {
    "id": "entry_168216",
    "matchedName": "ALHADI AHMAD MUHAMMAD MUHAMMAD HASAN",
    "score": 1
  },
  {
    "id": "entry_168229",
    "matchedName": "SECONDARY SANCTIONS RISK: SECTION 1(B) OF EXECUTIVE ORDER 13224 AS AMENDED BY EXECUTIVE ORDER 13886; ORGANIZATION ESTABLISHED DATE 24 SEP 2019; COMMERCIAL REGISTRY NUMBER 1343697K (MALAYSIA); REGISTRATION NUMBER 201901034367 (MALAYSIA); LINKED TO: ALJAMAL SAID AHMAD MUHAMMAD",
    "score": 1
  },
  {
    "id": "entry_168249",
    "matchedName": "WEBSITE TEFCASCOMMY; SECONDARY SANCTIONS RISK: SECTION 1(B) OF EXECUTIVE ORDER 13224 AS AMENDED BY EXECUTIVE ORDER 13886; ORGANIZATION ESTABLISHED DATE 2012; COMMERCIAL REGISTRY NUMBER 1027592D (MALAYSIA); REGISTRATION NUMBER 201201043116 (MALAYSIA); LINKED TO: ALJAMAL SAID AHMAD MUHAMMAD",
    "score": 1
  },
  {
    "id": "entry_169204",
    "matchedName": "KHAN KARIM ASAD AHMAD",
    "score": 1
  },
  {
    "id": "entry_169461",
    "matchedName": "SECONDARY SANCTIONS RISK: SECTION 1(B) OF EXECUTIVE ORDER 13224 AS AMENDED BY EXECUTIVE ORDER 13886; ORGANIZATION ESTABLISHED DATE 24 JUL 2019; IDENTIFICATION NUMBER IMO 6187322; COMPANY NUMBER 2855903 (HONG KONG); BUSINESS REGISTRATION NUMBER 70990857 (HONG KONG); LINKED TO: ALJAMAL SAID AHMAD MUHAMMAD",
    "score": 1
  },
  {
    "id": "entry_169481",
    "matchedName": "DOB 1984; NATIONALITY AFGHANISTAN; GENDER MALE; SECONDARY SANCTIONS RISK: SECTION 1(B) OF EXECUTIVE ORDER 13224 AS AMENDED BY EXECUTIVE ORDER 13886; PASSPORT SE046462 (AFGHANISTAN) EXPIRES 01 JAN 2011; LINKED TO: ALJAMAL SAID AHMAD MUHAMMAD",
    "score": 1
  },
  {
    "id": "entry_169485",
    "matchedName": "DOB 06 SEP 1985; POB KABUL AFGHANISTAN; NATIONALITY RUSSIA; ALT NATIONALITY AFGHANISTAN; GENDER MALE; SECONDARY SANCTIONS RISK: SECTION 1(B) OF EXECUTIVE ORDER 13224 AS AMENDED BY EXECUTIVE ORDER 13886; PASSPORT 752859643 (RUSSIA) EXPIRES 24 FEB 2026; LINKED TO: ALJAMAL SAID AHMAD MUHAMMAD",
    "score": 1
  },
  {
    "id": "entry_169529",
    "matchedName": "DOB 29 SEP 1987; POB ASTRAKHAN RUSSIA; NATIONALITY RUSSIA; GENDER MALE; SECONDARY SANCTIONS RISK: SECTION 1(B) OF EXECUTIVE ORDER 13224 AS AMENDED BY EXECUTIVE ORDER 13886; PASSPORT 751615121 (RUSSIA); NATIONAL ID NO 1208209900 (RUSSIA); TAX ID NO 301711405290 (RUSSIA); LINKED TO: ALJAMAL SAID AHMAD MUHAMMAD",
    "score": 1
  },
  {
    "id": "entry_169533",
    "matchedName": "DOB 24 OCT 1974; POB VOLOGODSKAYA OBLAST RUSSIA; NATIONALITY RUSSIA; GENDER MALE; SECONDARY SANCTIONS RISK: SECTION 1(B) OF EXECUTIVE ORDER 13224 AS AMENDED BY EXECUTIVE ORDER 13886; TAX ID NO 540697174841 (RUSSIA); LINKED TO: ALJAMAL SAID AHMAD MUHAMMAD",
    "score": 1
  },
  {
    "id": "entry_169537",
    "matchedName": "DOB 28 NOV 1991; NATIONALITY IRAN; GENDER MALE; SECONDARY SANCTIONS RISK: SECTION 1(B) OF EXECUTIVE ORDER 13224 AS AMENDED BY EXECUTIVE ORDER 13886; PASSPORT E65645407 (IRAN); NATIONAL ID NO 1630127760 (IRAN); LINKED TO: ALJAMAL SAID AHMAD MUHAMMAD",
    "score": 1
  },
  {
    "id": "entry_170392",
    "matchedName": "TALAB AHMAD HAGHIGHAT",
    "score": 1
  },
  {
    "id": "entry_171224",
    "matchedName": "JAMIL NEHME AHMAD",
    "score": 1
  },
  {
    "id": "entry_171245",
    "matchedName": "ADDITIONAL SANCTIONS INFORMATION SUBJECT TO SECONDARY SANCTIONS PURSUANT TO THE HIZBALLAH FINANCIAL SANCTIONS REGULATIONS; SECONDARY SANCTIONS RISK: SECTION 1(B) OF EXECUTIVE ORDER 13224 AS AMENDED BY EXECUTIVE ORDER 13886; ORGANIZATION ESTABLISHED DATE 18 OCT 2006; REGISTRATION NUMBER 2008980 (LEBANON); AKA TASHILAT; LINKED TO: JAMIL NEHME AHMAD; LINKED TO: YAZBECK AHMAD MOHAMAD; LINKED TO: ALSHAMI HUSAYN",
    "score": 1
  },
  {
    "id": "entry_171248",
    "matchedName": "KRISHT ALI AHMAD",
    "score": 1
  },
  {
    "id": "entry_172516",
    "matchedName": "AL FAQIH SADDAM AHMAD MOHAMMAD",
    "score": 1
  },
  {
    "id": "entry_172548",
    "matchedName": "HOSEINI MUNES SAYYED AHMAD",
    "score": 1
  },
  {
    "id": "entry_172628",
    "matchedName": "NILI AHMADABADI MEHDI",
    "score": 1
  },
  {
    "id": "entry_174516",
    "matchedName": "BIN AHMAD FADZLON",
    "score": 1
  },
  {
    "id": "entry_174608",
    "matchedName": "GHAEDI AHMAD",
    "score": 1
  },
  {
    "id": "entry_175108",
    "matchedName": "ISMAIL AHMAD",
    "score": 1
  },
  {
    "id": "entry_175116",
    "matchedName": "ADRISS AHMAD",
    "score": 1
  },
  {
    "id": "entry_175120",
    "matchedName": "BSEIS AHMAD",
    "score": 1
  }
]