[
  {
    "id": "entry_115608",
    "matchedName": "GRUPO WISA SA",
    "score": 1
  },
  {
    "id": "entry_115612",
    "matchedName": "GRUPO W SA",
    "score": 1
  },
  {
    "id": "entry_171393",
    "matchedName": "SECONDARY SANCTIONS RISK: SECTION 1(B) OF EXECUTIVE ORDER 13224 AS AMENDED BY EXECUTIVE ORDER 13886; ORGANIZATION ESTABLISHED DATE 29 APR 2010; ORGANIZATION TYPE: REAL ESTATE ACTIVITIES WITH OWN OR LEASED PROPERTY; FOLIO MERCANTIL NO 79661 (MEXICO); AKA GRUPO ROCO; LINKED TO: CONDE URAGA MARTHA EMILIA",
    "score": 1
  }
]